quarter,era,member,kind,table,uncompressed_bytes
2004q1,laers,ascii/,directory,,0
2004q1,laers,ascii/Asc_nts.doc,documentation,,91648
2004q1,laers,ascii/DEMO04Q1.TXT,table,demo,8201852
2004q1,laers,ascii/DRUG04Q1.TXT,table,drug,12830781
2004q1,laers,ascii/INDI04Q1.TXT,table,indi,3000273
2004q1,laers,ascii/OUTC04Q1.TXT,table,outc,748710
2004q1,laers,ascii/REAC04Q1.TXT,table,reac,7168635
2004q1,laers,ascii/RPSR04Q1.TXT,table,rpsr,1062507
2004q1,laers,ascii/STAT04Q1.TXT,table,stat,11593
2004q1,laers,ascii/THER04Q1.TXT,table,ther,3162391
2004q1,laers,README.doc,documentation,,31232
2004q1,laers,SIZE04Q1.TXT,documentation,,1063
2004q2,laers,ascii/,directory,,0
2004q2,laers,ascii/Asc_nts.doc,documentation,,91648
2004q2,laers,ascii/DEMO04Q2.TXT,table,demo,7401827
2004q2,laers,ascii/DRUG04Q2.TXT,table,drug,12850228
2004q2,laers,ascii/INDI04Q2.TXT,table,indi,3026663
2004q2,laers,ascii/OUTC04Q2.TXT,table,outc,808835
2004q2,laers,ascii/REAC04Q2.TXT,table,reac,6975162
2004q2,laers,ascii/RPSR04Q2.TXT,table,rpsr,1075055
2004q2,laers,ascii/STAT04Q2.TXT,table,stat,11770
2004q2,laers,ascii/THER04Q2.TXT,table,ther,3062870
2004q2,laers,README.doc,documentation,,31232
2004q2,laers,SIZE04Q2.TXT,documentation,,1063
2004q3,laers,ascii/,directory,,0
2004q3,laers,ascii/Asc_nts.doc,documentation,,91648
2004q3,laers,ascii/DEMO04Q3.TXT,table,demo,9286180
2004q3,laers,ascii/DRUG04Q3.TXT,table,drug,14782255
2004q3,laers,ascii/INDI04Q3.TXT,table,indi,3677164
2004q3,laers,ascii/OUTC04Q3.TXT,table,outc,869298
2004q3,laers,ascii/REAC04Q3.TXT,table,reac,7897198
2004q3,laers,ascii/RPSR04Q3.TXT,table,rpsr,1192744
2004q3,laers,ascii/STAT04Q3.TXT,table,stat,11770
2004q3,laers,ascii/THER04Q3.TXT,table,ther,3527404
2004q3,laers,README.doc,documentation,,31232
2004q3,laers,SIZE04Q3.TXT,documentation,,1063
2004q4,laers,ascii/,directory,,0
2004q4,laers,ascii/Asc_nts.doc,documentation,,91648
2004q4,laers,ascii/DEMO04Q4.TXT,table,demo,8712746
2004q4,laers,ascii/DRUG04Q4.TXT,table,drug,14999740
2004q4,laers,ascii/INDI04Q4.TXT,table,indi,3745869
2004q4,laers,ascii/OUTC04Q4.TXT,table,outc,962534
2004q4,laers,ascii/REAC04Q4.TXT,table,reac,8001096
2004q4,laers,ascii/RPSR04Q4.TXT,table,rpsr,991882
2004q4,laers,ascii/STAT04Q4.TXT,table,stat,11298
2004q4,laers,ascii/THER04Q4.TXT,table,ther,3532615
2004q4,laers,README.doc,documentation,,31232
2004q4,laers,SIZE04Q4.TXT,documentation,,1063
2005q1,laers,ascii/,directory,,0
2005q1,laers,ascii/Asc_nts.doc,documentation,,91648
2005q1,laers,ascii/DEMO05Q1.TXT,table,demo,9263697
2005q1,laers,ascii/DRUG05Q1.TXT,table,drug,15040320
2005q1,laers,ascii/INDI05Q1.TXT,table,indi,4150255
2005q1,laers,ascii/OUTC05Q1.TXT,table,outc,1003523
2005q1,laers,ascii/REAC05Q1.TXT,table,reac,8549404
2005q1,laers,ascii/RPSR05Q1.TXT,table,rpsr,941718
2005q1,laers,ascii/STAT05Q1.TXT,table,stat,11711
2005q1,laers,ascii/THER05Q1.TXT,table,ther,3737954
2005q1,laers,README.doc,documentation,,31232
2005q1,laers,SIZE05Q1.TXT,documentation,,1063
2005q2,laers,ascii/,directory,,0
2005q2,laers,ascii/Asc_nts.doc,documentation,,91648
2005q2,laers,ascii/DEMO05Q2.TXT,table,demo,9827500
2005q2,laers,ascii/DRUG05Q2.TXT,table,drug,17477377
2005q2,laers,ascii/INDI05Q2.TXT,table,indi,4766959
2005q2,laers,ascii/OUTC05Q2.TXT,table,outc,1051272
2005q2,laers,ascii/REAC05Q2.TXT,table,reac,9178937
2005q2,laers,ascii/RPSR05Q2.TXT,table,rpsr,1115798
2005q2,laers,ascii/STAT05Q2.TXT,table,stat,11711
2005q2,laers,ascii/THER05Q2.TXT,table,ther,4260325
2005q2,laers,README.doc,documentation,,42496
2005q2,laers,SIZE05Q2.TXT,documentation,,1063
2005q3,laers,ascii/,directory,,0
2005q3,laers,ascii/Asc_nts.doc,documentation,,84992
2005q3,laers,ascii/DEMO05Q3.TXT,table,demo,11047268
2005q3,laers,ascii/DRUG05Q3.TXT,table,drug,16610960
2005q3,laers,ascii/INDI05Q3.TXT,table,indi,4552150
2005q3,laers,ascii/OUTC05Q3.TXT,table,outc,1089726
2005q3,laers,ascii/REAC05Q3.TXT,table,reac,9130476
2005q3,laers,ascii/RPSR05Q3.TXT,table,rpsr,1012456
2005q3,laers,ascii/STAT05Q3.TXT,table,stat,11767
2005q3,laers,ascii/THER05Q3.TXT,table,ther,4431588
2005q3,laers,README.doc,documentation,,41984
2005q3,laers,SIZE05Q3.TXT,documentation,,1063
2005q4,laers,ascii/,directory,,0
2005q4,laers,ascii/Asc_nts.doc,documentation,,84992
2005q4,laers,ascii/DEMO05Q4.TXT,table,demo,12081958
2005q4,laers,ascii/DRUG05Q4.TXT,table,drug,17417440
2005q4,laers,ascii/INDI05Q4.TXT,table,indi,4428617
2005q4,laers,ascii/OUTC05Q4.TXT,table,outc,1164554
2005q4,laers,ascii/REAC05Q4.TXT,table,reac,9849631
2005q4,laers,ascii/RPSR05Q4.TXT,table,rpsr,1013578
2005q4,laers,ascii/STAT05Q4.TXT,table,stat,11885
2005q4,laers,ascii/THER05Q4.TXT,table,ther,4288466
2005q4,laers,README.doc,documentation,,41984
2005q4,laers,SIZE05Q4.TXT,documentation,,1063
2006q1,laers,ascii/,directory,,0
2006q1,laers,ascii/Asc_nts.doc,documentation,,85504
2006q1,laers,ascii/DEMO06Q1.TXT,table,demo,12312845
2006q1,laers,ascii/DRUG06Q1.TXT,table,drug,18054723
2006q1,laers,ascii/INDI06Q1.TXT,table,indi,5069335
2006q1,laers,ascii/OUTC06Q1.TXT,table,outc,1254709
2006q1,laers,ascii/REAC06Q1.TXT,table,reac,11163357
2006q1,laers,ascii/RPSR06Q1.TXT,table,rpsr,937899
2006q1,laers,ascii/STAT06Q1.TXT,table,stat,11826
2006q1,laers,ascii/THER06Q1.TXT,table,ther,4956274
2006q1,laers,README.doc,documentation,,41984
2006q1,laers,SIZE06Q1.TXT,documentation,,1063
2006q2,laers,ascii/,directory,,0
2006q2,laers,ascii/Asc_nts.doc,documentation,,85504
2006q2,laers,ascii/DEMO06Q2.TXT,table,demo,10835590
2006q2,laers,ascii/DRUG06Q2.TXT,table,drug,16793469
2006q2,laers,ascii/INDI06Q2.TXT,table,indi,4740599
2006q2,laers,ascii/OUTC06Q2.TXT,table,outc,1136201
2006q2,laers,ascii/REAC06Q2.TXT,table,reac,10645361
2006q2,laers,ascii/RPSR06Q2.TXT,table,rpsr,972583
2006q2,laers,ascii/STAT06Q2.TXT,table,stat,11944
2006q2,laers,ascii/THER06Q2.TXT,table,ther,4582340
2006q2,laers,README.doc,documentation,,41984
2006q2,laers,SIZE06Q2.TXT,documentation,,1063
2006q3,laers,ascii/,directory,,0
2006q3,laers,ascii/Asc_nts.doc,documentation,,85504
2006q3,laers,ascii/DEMO06Q3.TXT,table,demo,9669471
2006q3,laers,ascii/DRUG06Q3.TXT,table,drug,14922006
2006q3,laers,ascii/INDI06Q3.TXT,table,indi,4483678
2006q3,laers,ascii/OUTC06Q3.TXT,table,outc,932257
2006q3,laers,ascii/REAC06Q3.TXT,table,reac,7804746
2006q3,laers,ascii/RPSR06Q3.TXT,table,rpsr,913672
2006q3,laers,ascii/STAT06Q3.TXT,table,stat,11649
2006q3,laers,ascii/THER06Q3.TXT,table,ther,3899287
2006q3,laers,README.doc,documentation,,41984
2006q3,laers,SIZE06Q3.TXT,documentation,,1063
2006q4,laers,ascii/,directory,,0
2006q4,laers,ascii/Asc_nts.doc,documentation,,85504
2006q4,laers,ascii/DEMO06Q4.TXT,table,demo,11173894
2006q4,laers,ascii/DRUG06Q4.TXT,table,drug,16115935
2006q4,laers,ascii/INDI06Q4.TXT,table,indi,4807354
2006q4,laers,ascii/OUTC06Q4.TXT,table,outc,1005187
2006q4,laers,ascii/REAC06Q4.TXT,table,reac,8364779
2006q4,laers,ascii/RPSR06Q4.TXT,table,rpsr,848988
2006q4,laers,ascii/STAT06Q4.TXT,table,stat,11708
2006q4,laers,ascii/THER06Q4.TXT,table,ther,4335073
2006q4,laers,README.doc,documentation,,41984
2006q4,laers,SIZE06Q4.TXT,documentation,,1063
2007q1,laers,ascii/,directory,,0
2007q1,laers,ascii/Asc_nts.doc,documentation,,85504
2007q1,laers,ascii/DEMO07Q1.TXT,table,demo,12195755
2007q1,laers,ascii/DRUG07Q1.TXT,table,drug,17490819
2007q1,laers,ascii/INDI07Q1.TXT,table,indi,5307004
2007q1,laers,ascii/OUTC07Q1.TXT,table,outc,1124176
2007q1,laers,ascii/REAC07Q1.TXT,table,reac,8094531
2007q1,laers,ascii/RPSR07Q1.TXT,table,rpsr,802880
2007q1,laers,ascii/STAT07Q1.TXT,table,stat,11590
2007q1,laers,ascii/THER07Q1.TXT,table,ther,4552517
2007q1,laers,README.doc,documentation,,41984
2007q1,laers,SIZE07Q1.TXT,documentation,,1063
2007q2,laers,ascii/,directory,,0
2007q2,laers,ascii/Asc_nts.doc,documentation,,85504
2007q2,laers,ascii/DEMO07Q2.TXT,table,demo,11358051
2007q2,laers,ascii/DRUG07Q2.TXT,table,drug,17087974
2007q2,laers,ascii/INDI07Q2.TXT,table,indi,5493449
2007q2,laers,ascii/OUTC07Q2.TXT,table,outc,1124943
2007q2,laers,ascii/REAC07Q2.TXT,table,reac,8030849
2007q2,laers,ascii/RPSR07Q2.TXT,table,rpsr,682003
2007q2,laers,ascii/STAT07Q2.TXT,table,stat,11708
2007q2,laers,ascii/THER07Q2.TXT,table,ther,4627498
2007q2,laers,README.doc,documentation,,41984
2007q2,laers,SIZE07Q2.TXT,documentation,,1063
2007q3,laers,ascii/,directory,,0
2007q3,laers,ascii/Asc_nts.doc,documentation,,85504
2007q3,laers,ascii/DEMO07Q3.TXT,table,demo,12898437
2007q3,laers,ascii/DRUG07Q3.TXT,table,drug,17987128
2007q3,laers,ascii/INDI07Q3.TXT,table,indi,5653381
2007q3,laers,ascii/OUTC07Q3.TXT,table,outc,1156546
2007q3,laers,ascii/REAC07Q3.TXT,table,reac,8469463
2007q3,laers,ascii/RPSR07Q3.TXT,table,rpsr,649155
2007q3,laers,ascii/STAT07Q3.TXT,table,stat,11767
2007q3,laers,ascii/THER07Q3.TXT,table,ther,4826112
2007q3,laers,README.doc,documentation,,46592
2007q3,laers,SIZE07Q3.TXT,documentation,,1063
2007q4,laers,ascii/,directory,,0
2007q4,laers,ascii/Asc_nts.doc,documentation,,85504
2007q4,laers,ascii/DEMO07Q4.TXT,table,demo,14910011
2007q4,laers,ascii/DRUG07Q4.TXT,table,drug,20636658
2007q4,laers,ascii/INDI07Q4.TXT,table,indi,6884882
2007q4,laers,ascii/OUTC07Q4.TXT,table,outc,1189995
2007q4,laers,ascii/REAC07Q4.TXT,table,reac,9831111
2007q4,laers,ascii/RPSR07Q4.TXT,table,rpsr,653758
2007q4,laers,ascii/STAT07Q4.TXT,table,stat,11885
2007q4,laers,ascii/THER07Q4.TXT,table,ther,5699793
2007q4,laers,README.doc,documentation,,46592
2007q4,laers,SIZE07Q4.TXT,documentation,,1063
2008q1,laers,ascii/,directory,,0
2008q1,laers,ascii/Asc_nts.doc,documentation,,91648
2008q1,laers,ascii/DEMO08Q1.TXT,table,demo,14503933
2008q1,laers,ascii/DRUG08Q1.TXT,table,drug,20618218
2008q1,laers,ascii/INDI08Q1.TXT,table,indi,7190879
2008q1,laers,ascii/OUTC08Q1.TXT,table,outc,1258895
2008q1,laers,ascii/REAC08Q1.TXT,table,reac,9849178
2008q1,laers,ascii/RPSR08Q1.TXT,table,rpsr,643444
2008q1,laers,ascii/STAT08Q1.TXT,table,stat,11885
2008q1,laers,ascii/THER08Q1.TXT,table,ther,5667957
2008q1,laers,README.doc,documentation,,47104
2008q1,laers,SIZE08Q1.TXT,documentation,,1063
2008q2,laers,ascii/,directory,,0
2008q2,laers,ascii/Asc_nts.doc,documentation,,91648
2008q2,laers,ascii/DEMO08Q2.TXT,table,demo,14685587
2008q2,laers,ascii/DRUG08Q2.TXT,table,drug,21347228
2008q2,laers,ascii/INDI08Q2.TXT,table,indi,7330821
2008q2,laers,ascii/OUTC08Q2.TXT,table,outc,1308633
2008q2,laers,ascii/REAC08Q2.TXT,table,reac,10814998
2008q2,laers,ascii/RPSR08Q2.TXT,table,rpsr,590993
2008q2,laers,ascii/STAT08Q2.TXT,table,stat,11708
2008q2,laers,ascii/THER08Q2.TXT,table,ther,5851363
2008q2,laers,README.doc,documentation,,47104
2008q2,laers,SIZE08Q2.TXT,documentation,,1063
2008q3,laers,ascii/,directory,,0
2008q3,laers,ascii/Asc_nts.doc,documentation,,92160
2008q3,laers,ascii/DEMO08Q3.TXT,table,demo,14947262
2008q3,laers,ascii/DRUG08Q3.TXT,table,drug,22286399
2008q3,laers,ascii/INDI08Q3.TXT,table,indi,8054735
2008q3,laers,ascii/OUTC08Q3.TXT,table,outc,1333996
2008q3,laers,ascii/REAC08Q3.TXT,table,reac,10740781
2008q3,laers,ascii/RPSR08Q3.TXT,table,rpsr,593300
2008q3,laers,ascii/STAT08Q3.TXT,table,stat,11944
2008q3,laers,ascii/THER08Q3.TXT,table,ther,6105181
2008q3,laers,README.doc,documentation,,49152
2008q3,laers,SIZE08Q3.TXT,documentation,,1063
2008q4,laers,ascii/,directory,,0
2008q4,laers,ascii/Asc_nts.doc,documentation,,93696
2008q4,laers,ascii/DEMO08Q4.TXT,table,demo,16555181
2008q4,laers,ascii/DRUG08Q4.TXT,table,drug,22987331
2008q4,laers,ascii/INDI08Q4.TXT,table,indi,8717988
2008q4,laers,ascii/OUTC08Q4.TXT,table,outc,1340717
2008q4,laers,ascii/REAC08Q4.TXT,table,reac,10930802
2008q4,laers,ascii/RPSR08Q4.TXT,table,rpsr,513454
2008q4,laers,ascii/STAT08Q4.TXT,table,stat,12121
2008q4,laers,ascii/THER08Q4.TXT,table,ther,6529974
2008q4,laers,README.doc,documentation,,49664
2008q4,laers,SIZE08Q4.TXT,documentation,,1063
2009q1,laers,ascii/,directory,,0
2009q1,laers,ascii/Asc_nts.doc,documentation,,93696
2009q1,laers,ascii/DEMO09Q1.TXT,table,demo,15333246
2009q1,laers,ascii/DRUG09Q1.TXT,table,drug,22633544
2009q1,laers,ascii/INDI09Q1.TXT,table,indi,8572810
2009q1,laers,ascii/OUTC09Q1.TXT,table,outc,1421109
2009q1,laers,ascii/REAC09Q1.TXT,table,reac,10160560
2009q1,laers,ascii/RPSR09Q1.TXT,table,rpsr,506227
2009q1,laers,ascii/STAT09Q1.TXT,table,stat,11767
2009q1,laers,ascii/THER09Q1.TXT,table,ther,6078572
2009q1,laers,README.doc,documentation,,49664
2009q1,laers,SIZE09Q1.TXT,documentation,,944
2009q2,laers,ascii/,directory,,0
2009q2,laers,ascii/Asc_nts.doc,documentation,,93696
2009q2,laers,ascii/DEMO09Q2.TXT,table,demo,15348306
2009q2,laers,ascii/DRUG09Q2.TXT,table,drug,25493449
2009q2,laers,ascii/INDI09Q2.TXT,table,indi,9245096
2009q2,laers,ascii/OUTC09Q2.TXT,table,outc,1483379
2009q2,laers,ascii/REAC09Q2.TXT,table,reac,11075044
2009q2,laers,ascii/RPSR09Q2.TXT,table,rpsr,461185
2009q2,laers,ascii/STAT09Q2.TXT,table,stat,12003
2009q2,laers,ascii/THER09Q2.TXT,table,ther,7581926
2009q2,laers,README.doc,documentation,,49664
2009q2,laers,SIZE09Q2.TXT,documentation,,1063
2009q3,laers,ascii/,directory,,0
2009q3,laers,ascii/Asc_nts.doc,documentation,,93696
2009q3,laers,ascii/DEMO09Q3.TXT,table,demo,18012731
2009q3,laers,ascii/DRUG09Q3.TXT,table,drug,29129995
2009q3,laers,ascii/INDI09Q3.TXT,table,indi,11574185
2009q3,laers,ascii/OUTC09Q3.TXT,table,outc,1531011
2009q3,laers,ascii/REAC09Q3.TXT,table,reac,12226020
2009q3,laers,ascii/RPSR09Q3.TXT,table,rpsr,485429
2009q3,laers,ascii/STAT09Q3.TXT,table,stat,12003
2009q3,laers,ascii/THER09Q3.TXT,table,ther,8187370
2009q3,laers,README.doc,documentation,,49664
2009q3,laers,SIZE09Q3.TXT,documentation,,1063
2009q4,laers,ascii/,directory,,0
2009q4,laers,ascii/Asc_nts.doc,documentation,,93696
2009q4,laers,ascii/DEMO09Q4.TXT,table,demo,19057350
2009q4,laers,ascii/DRUG09Q4.TXT,table,drug,28490128
2009q4,laers,ascii/INDI09Q4.TXT,table,indi,10136733
2009q4,laers,ascii/OUTC09Q4.TXT,table,outc,1693004
2009q4,laers,ascii/REAC09Q4.TXT,table,reac,13559380
2009q4,laers,ascii/RPSR09Q4.TXT,table,rpsr,536391
2009q4,laers,ascii/STAT09Q4.TXT,table,stat,12003
2009q4,laers,ascii/THER09Q4.TXT,table,ther,8034303
2009q4,laers,README.doc,documentation,,49664
2009q4,laers,SIZE09Q4.TXT,documentation,,1063
2010q1,laers,ascii/,directory,,0
2010q1,laers,ascii/Asc_nts.doc,documentation,,93696
2010q1,laers,ascii/DEMO10Q1.TXT,table,demo,18710369
2010q1,laers,ascii/DRUG10Q1.TXT,table,drug,29311096
2010q1,laers,ascii/INDI10Q1.TXT,table,indi,10544825
2010q1,laers,ascii/OUTC10Q1.TXT,table,outc,1651482
2010q1,laers,ascii/REAC10Q1.TXT,table,reac,13461614
2010q1,laers,ascii/RPSR10Q1.TXT,table,rpsr,487617
2010q1,laers,ascii/STAT10Q1.TXT,table,stat,11885
2010q1,laers,ascii/THER10Q1.TXT,table,ther,7937963
2010q1,laers,README.doc,documentation,,49664
2010q1,laers,SIZE10Q1.TXT,documentation,,1063
2010q2,laers,ascii/,directory,,0
2010q2,laers,ascii/Asc_nts.doc,documentation,,93696
2010q2,laers,ascii/DEMO10Q2.TXT,table,demo,19965595
2010q2,laers,ascii/DRUG10Q2.TXT,table,drug,31885203
2010q2,laers,ascii/INDI10Q2.TXT,table,indi,11361717
2010q2,laers,ascii/OUTC10Q2.TXT,table,outc,1830063
2010q2,laers,ascii/REAC10Q2.TXT,table,reac,14662215
2010q2,laers,ascii/RPSR10Q2.TXT,table,rpsr,502935
2010q2,laers,ascii/STAT10Q2.TXT,table,stat,11885
2010q2,laers,ascii/THER10Q2.TXT,table,ther,9032832
2010q2,laers,README.doc,documentation,,50176
2010q2,laers,SIZE10Q2.TXT,documentation,,1063
2010q3,laers,ascii/,directory,,0
2010q3,laers,ascii/Asc_nts.doc,documentation,,95232
2010q3,laers,ascii/DEMO10Q3.TXT,table,demo,29081088
2010q3,laers,ascii/DRUG10Q3.TXT,table,drug,42441732
2010q3,laers,ascii/INDI10Q3.TXT,table,indi,16199721
2010q3,laers,ascii/OUTC10Q3.TXT,table,outc,2142570
2010q3,laers,ascii/REAC10Q3.TXT,table,reac,19222577
2010q3,laers,ascii/RPSR10Q3.TXT,table,rpsr,512673
2010q3,laers,ascii/STAT10Q3.TXT,table,stat,12121
2010q3,laers,ascii/THER10Q3.TXT,table,ther,11172310
2010q3,laers,README.doc,documentation,,52224
2010q3,laers,SIZE10Q3.TXT,documentation,,1063
2010q4,laers,ascii/,directory,,0
2010q4,laers,ascii/Asc_nts.doc,documentation,,95232
2010q4,laers,ascii/DEMO10Q4.TXT,table,demo,25286721
2010q4,laers,ascii/DRUG10Q4.TXT,table,drug,35949047
2010q4,laers,ascii/INDI10Q4.TXT,table,indi,12970713
2010q4,laers,ascii/OUTC10Q4.TXT,table,outc,2059526
2010q4,laers,ascii/REAC10Q4.TXT,table,reac,17330814
2010q4,laers,ascii/RPSR10Q4.TXT,table,rpsr,449998
2010q4,laers,ascii/STAT10Q4.TXT,table,stat,11944
2010q4,laers,ascii/THER10Q4.TXT,table,ther,9843793
2010q4,laers,README.doc,documentation,,52224
2010q4,laers,SIZE10Q4.TXT,documentation,,1063
2011q1,laers,ascii/,directory,,0
2011q1,laers,ascii/Asc_nts.doc,documentation,,95232
2011q1,laers,ascii/DEMO11Q1.TXT,table,demo,25508978
2011q1,laers,ascii/DRUG11Q1.TXT,table,drug,37790579
2011q1,laers,ascii/INDI11Q1.TXT,table,indi,14745817
2011q1,laers,ascii/OUTC11Q1.TXT,table,outc,2174511
2011q1,laers,ascii/REAC11Q1.TXT,table,reac,17520119
2011q1,laers,ascii/RPSR11Q1.TXT,table,rpsr,465911
2011q1,laers,ascii/STAT11Q1.TXT,table,stat,12003
2011q1,laers,ascii/THER11Q1.TXT,table,ther,10767058
2011q1,laers,README.doc,documentation,,52224
2011q1,laers,SIZE11Q1.TXT,documentation,,1063
2011q2,laers,ascii/,directory,,0
2011q2,laers,ascii/Asc_nts.doc,documentation,,95232
2011q2,laers,ascii/DEMO11Q2.TXT,table,demo,27492417
2011q2,laers,ascii/DRUG11Q2.TXT,table,drug,42141802
2011q2,laers,ascii/INDI11Q2.TXT,table,indi,14381364
2011q2,laers,ascii/OUTC11Q2.TXT,table,outc,2540006
2011q2,laers,ascii/REAC11Q2.TXT,table,reac,19888751
2011q2,laers,ascii/RPSR11Q2.TXT,table,rpsr,485799
2011q2,laers,ascii/STAT11Q2.TXT,table,stat,12121
2011q2,laers,ascii/THER11Q2.TXT,table,ther,12522883
2011q2,laers,README.doc,documentation,,52224
2011q2,laers,SIZE11Q2.TXT,documentation,,1063
2011q3,laers,ascii/,directory,,0
2011q3,laers,ascii/Asc_nts.doc,documentation,,95232
2011q3,laers,ascii/DEMO11Q3.TXT,table,demo,28210065
2011q3,laers,ascii/DRUG11Q3.TXT,table,drug,42100786
2011q3,laers,ascii/INDI11Q3.TXT,table,indi,15702818
2011q3,laers,ascii/OUTC11Q3.TXT,table,outc,2492010
2011q3,laers,ascii/REAC11Q3.TXT,table,reac,19698362
2011q3,laers,ascii/RPSR11Q3.TXT,table,rpsr,562303
2011q3,laers,ascii/STAT11Q3.TXT,table,stat,12003
2011q3,laers,ascii/THER11Q3.TXT,table,ther,12404851
2011q3,laers,README.doc,documentation,,52224
2011q3,laers,SIZE11Q3.TXT,documentation,,1063
2011q4,laers,ascii/,directory,,0
2011q4,laers,ascii/Asc_nts.doc,documentation,,95232
2011q4,laers,ascii/DEMO11Q4.TXT,table,demo,29483322
2011q4,laers,ascii/DRUG11Q4.TXT,table,drug,41121290
2011q4,laers,ascii/INDI11Q4.TXT,table,indi,14729937
2011q4,laers,ascii/OUTC11Q4.TXT,table,outc,2366755
2011q4,laers,ascii/REAC11Q4.TXT,table,reac,20590276
2011q4,laers,ascii/RPSR11Q4.TXT,table,rpsr,474321
2011q4,laers,ascii/STAT11Q4.TXT,table,stat,12003
2011q4,laers,ascii/THER11Q4.TXT,table,ther,12015348
2011q4,laers,README.doc,documentation,,52224
2011q4,laers,SIZE11Q4.TXT,documentation,,1063
2012q1,laers,ascii/,directory,,0
2012q1,laers,ascii/Asc_nts.doc,documentation,,95232
2012q1,laers,ascii/DEMO12Q1.TXT,table,demo,32596710
2012q1,laers,ascii/DRUG12Q1.TXT,table,drug,47663803
2012q1,laers,ascii/INDI12Q1.TXT,table,indi,18776618
2012q1,laers,ascii/OUTC12Q1.TXT,table,outc,2635361
2012q1,laers,ascii/REAC12Q1.TXT,table,reac,22208304
2012q1,laers,ascii/RPSR12Q1.TXT,table,rpsr,600357
2012q1,laers,ascii/STAT12Q1.TXT,table,stat,11944
2012q1,laers,ascii/THER12Q1.TXT,table,ther,13095043
2012q1,laers,README.doc,documentation,,52224
2012q1,laers,SIZE12Q1.TXT,documentation,,1063
2012q2,laers,ascii/,directory,,0
2012q2,laers,ascii/Asc_nts.doc,documentation,,95232
2012q2,laers,ascii/DEMO12Q2.TXT,table,demo,31661511
2012q2,laers,ascii/DRUG12Q2.TXT,table,drug,46032579
2012q2,laers,ascii/INDI12Q2.TXT,table,indi,16044558
2012q2,laers,ascii/OUTC12Q2.TXT,table,outc,2685034
2012q2,laers,ascii/REAC12Q2.TXT,table,reac,22277987
2012q2,laers,ascii/RPSR12Q2.TXT,table,rpsr,543334
2012q2,laers,ascii/STAT12Q2.TXT,table,stat,12062
2012q2,laers,ascii/THER12Q2.TXT,table,ther,12952994
2012q2,laers,README.doc,documentation,,52224
2012q2,laers,SIZE12Q2.TXT,documentation,,1063
2012q3,laers,ascii/,directory,,0
2012q3,laers,ascii/Asc_nts.doc,documentation,,97280
2012q3,laers,ascii/DEMO12Q3.TXT,table,demo,19015896
2012q3,laers,ascii/DRUG12Q3.TXT,table,drug,29293211
2012q3,laers,ascii/INDI12Q3.TXT,table,indi,10758318
2012q3,laers,ascii/OUTC12Q3.TXT,table,outc,1597610
2012q3,laers,ascii/REAC12Q3.TXT,table,reac,13335410
2012q3,laers,ascii/RPSR12Q3.TXT,table,rpsr,150391
2012q3,laers,ascii/STAT12Q3.TXT,table,stat,11708
2012q3,laers,ascii/THER12Q3.TXT,table,ther,8089259
2012q3,laers,README.doc,documentation,,54272
2012q3,laers,SIZE12Q3.TXT,documentation,,999
2012q4,faers_early,ascii/,directory,,0
2012q4,faers_early,ascii/ASC_NTS.doc,documentation,,163840
2012q4,faers_early,ascii/demo12q4.pdf,documentation,,153637
2012q4,faers_early,ascii/demo12q4.txt,table,demo,28965751
2012q4,faers_early,ascii/drug12q4.pdf,documentation,,348533
2012q4,faers_early,ascii/drug12q4.txt,table,drug,55297599
2012q4,faers_early,ascii/indi12q4.pdf,documentation,,56306
2012q4,faers_early,ascii/indi12q4.txt,table,indi,18136220
2012q4,faers_early,ascii/outc12q4.pdf,documentation,,57673
2012q4,faers_early,ascii/outc12q4.txt,table,outc,4026405
2012q4,faers_early,ascii/reac12q4.pdf,documentation,,50622
2012q4,faers_early,ascii/reac12q4.txt,table,reac,25340629
2012q4,faers_early,ascii/rpsr12q4.pdf,documentation,,59736
2012q4,faers_early,ascii/rpsr12q4.txt,table,rpsr,557043
2012q4,faers_early,ascii/ther12q4.pdf,documentation,,54610
2012q4,faers_early,ascii/ther12q4.txt,table,ther,11186571
2012q4,faers_early,FAQs.doc,documentation,,61440
2012q4,faers_early,README.doc,documentation,,63488
2013q1,faers_early,ascii/,directory,,0
2013q1,faers_early,ascii/ASC_NT.pdf,documentation,,76517
2013q1,faers_early,ascii/demo13q1.pdf,documentation,,55857
2013q1,faers_early,ascii/DEMO13Q1.txt,table,demo,27668077
2013q1,faers_early,ascii/drug13q1.pdf,documentation,,95236
2013q1,faers_early,ascii/DRUG13Q1.txt,table,drug,50965414
2013q1,faers_early,ascii/indi13q1.pdf,documentation,,45277
2013q1,faers_early,ascii/INDI13Q1.txt,table,indi,19234567
2013q1,faers_early,ascii/outc13q1.pdf,documentation,,57182
2013q1,faers_early,ascii/OUTC13Q1.txt,table,outc,3228881
2013q1,faers_early,ascii/reac13q1.pdf,documentation,,48525
2013q1,faers_early,ascii/REAC13Q1.txt,table,reac,22654673
2013q1,faers_early,ascii/rpsr13q1.pdf,documentation,,57479
2013q1,faers_early,ascii/RPSR13Q1.txt,table,rpsr,1159052
2013q1,faers_early,ascii/ther13q1.pdf,documentation,,53296
2013q1,faers_early,ascii/THER13Q1.txt,table,ther,9663442
2013q1,faers_early,FAQs.doc,documentation,,64000
2013q1,faers_early,Readme.doc,documentation,,59392
2013q2,faers_early,ascii/,directory,,0
2013q2,faers_early,ascii/ASC_NTS.doc,documentation,,180224
2013q2,faers_early,ascii/demo13q2.pdf,documentation,,145550
2013q2,faers_early,ascii/DEMO13Q2.txt,table,demo,20977372
2013q2,faers_early,ascii/drug13q2.pdf,documentation,,394072
2013q2,faers_early,ascii/DRUG13Q2.txt,table,drug,41010923
2013q2,faers_early,ascii/indi13q2.pdf,documentation,,63610
2013q2,faers_early,ascii/INDI13Q2.txt,table,indi,13777313
2013q2,faers_early,ascii/outc13q2.pdf,documentation,,69075
2013q2,faers_early,ascii/OUTC13Q2.txt,table,outc,2911802
2013q2,faers_early,ascii/reac13q2.pdf,documentation,,56660
2013q2,faers_early,ascii/REAC13Q2.txt,table,reac,18863720
2013q2,faers_early,ascii/rpsr13q2.pdf,documentation,,66372
2013q2,faers_early,ascii/RPSR13Q2.txt,table,rpsr,582778
2013q2,faers_early,ascii/ther13q2.pdf,documentation,,61841
2013q2,faers_early,ascii/THER13Q2.txt,table,ther,8184656
2013q2,faers_early,FAQs.doc,documentation,,64512
2013q2,faers_early,Readme.doc,documentation,,59392
2013q3,faers_early,ASCII/,directory,,0
2013q3,faers_early,ASCII/ASC_NTS.doc,documentation,,180224
2013q3,faers_early,ASCII/demo13q3-508.pdf,documentation,,137659
2013q3,faers_early,ASCII/DEMO13Q3.txt,table,demo,22740103
2013q3,faers_early,ASCII/drug13q3-508.pdf,documentation,,213973
2013q3,faers_early,ASCII/DRUG13Q3.txt,table,drug,44566305
2013q3,faers_early,ASCII/indi13q3-508.pdf,documentation,,47707
2013q3,faers_early,ASCII/INDI13Q3.txt,table,indi,15537204
2013q3,faers_early,ASCII/outc13q3-508.pdf,documentation,,58693
2013q3,faers_early,ASCII/OUTC13Q3.txt,table,outc,3097719
2013q3,faers_early,ASCII/reac13q3-508.pdf,documentation,,46790
2013q3,faers_early,ASCII/REAC13Q3.txt,table,reac,20206355
2013q3,faers_early,ASCII/rpsr13q3-508.pdf,documentation,,60619
2013q3,faers_early,ASCII/RPSR13Q3.txt,table,rpsr,533929
2013q3,faers_early,ASCII/ther13q3-508.pdf,documentation,,52174
2013q3,faers_early,ASCII/THER13Q3.txt,table,ther,8650829
2013q3,faers_early,FAQs.doc,documentation,,64512
2013q3,faers_early,Readme.doc,documentation,,59904
2013q4,faers_early,ascii/,directory,,0
2013q4,faers_early,ascii/ASC_NTS.doc,documentation,,179200
2013q4,faers_early,ascii/demo13q4.pdf,documentation,,114502
2013q4,faers_early,ascii/DEMO13Q4.txt,table,demo,28208108
2013q4,faers_early,ascii/drug13q4.pdf,documentation,,275677
2013q4,faers_early,ascii/DRUG13Q4.txt,table,drug,54364934
2013q4,faers_early,ascii/indi13q4.pdf,documentation,,46318
2013q4,faers_early,ascii/INDI13Q4.txt,table,indi,18167669
2013q4,faers_early,ascii/outc13q4.pdf,documentation,,51434
2013q4,faers_early,ascii/OUTC13Q4.txt,table,outc,3244492
2013q4,faers_early,ascii/reac13q4.pdf,documentation,,46216
2013q4,faers_early,ascii/REAC13Q4.txt,table,reac,23842326
2013q4,faers_early,ascii/rpsr13q4.pdf,documentation,,26220
2013q4,faers_early,ascii/RPSR13Q4.txt,table,rpsr,572202
2013q4,faers_early,ascii/ther13q4.pdf,documentation,,26625
2013q4,faers_early,ascii/THER13Q4.txt,table,ther,10036402
2013q4,faers_early,FAQs.doc,documentation,,69632
2013q4,faers_early,Readme.doc,documentation,,59392
2014q1,faers_early,ascii/,directory,,0
2014q1,faers_early,ascii/ASC_NTS.doc,documentation,,179200
2014q1,faers_early,ascii/demo14q1.pdf,documentation,,85042
2014q1,faers_early,ascii/DEMO14Q1.txt,table,demo,32645439
2014q1,faers_early,ascii/drug14q1.pdf,documentation,,226628
2014q1,faers_early,ascii/DRUG14Q1.txt,table,drug,65643717
2014q1,faers_early,ascii/indi14q1.pdf,documentation,,47717
2014q1,faers_early,ascii/INDI14Q1.txt,table,indi,25558311
2014q1,faers_early,ascii/outc14q1.pdf,documentation,,52573
2014q1,faers_early,ascii/OUTC14Q1.txt,table,outc,3646825
2014q1,faers_early,ascii/reac14q1.pdf,documentation,,45534
2014q1,faers_early,ascii/REAC14Q1.txt,table,reac,26322609
2014q1,faers_early,ascii/rpsr14q1.pdf,documentation,,54742
2014q1,faers_early,ascii/RPSR14Q1.txt,table,rpsr,844524
2014q1,faers_early,ascii/ther14q1.pdf,documentation,,52475
2014q1,faers_early,ascii/THER14Q1.txt,table,ther,11380588
2014q1,faers_early,FAQs.doc,documentation,,71680
2014q1,faers_early,Readme.doc,documentation,,59392
2014q2,faers_early,ascii/,directory,,0
2014q2,faers_early,ascii/ASC_NTS.doc,documentation,,180224
2014q2,faers_early,ascii/demo14q2.pdf,documentation,,148024
2014q2,faers_early,ascii/DEMO14Q2.txt,table,demo,28309653
2014q2,faers_early,ascii/drug14q2.pdf,documentation,,364574
2014q2,faers_early,ascii/DRUG14Q2.txt,table,drug,51523678
2014q2,faers_early,ascii/indi14q2.pdf,documentation,,58855
2014q2,faers_early,ascii/INDI14Q2.txt,table,indi,18526184
2014q2,faers_early,ascii/outc14q2.pdf,documentation,,59168
2014q2,faers_early,ascii/OUTC14Q2.txt,table,outc,4037360
2014q2,faers_early,ascii/reac14q2.pdf,documentation,,46921
2014q2,faers_early,ascii/REAC14Q2.txt,table,reac,23870576
2014q2,faers_early,ascii/rpsr14q2.pdf,documentation,,63077
2014q2,faers_early,ascii/RPSR14Q2.txt,table,rpsr,524741
2014q2,faers_early,ascii/ther14q2.pdf,documentation,,52401
2014q2,faers_early,ascii/THER14Q2.txt,table,ther,9576541
2014q2,faers_early,FAQs.doc,documentation,,72192
2014q2,faers_early,Readme.doc,documentation,,59904
2014q3,faers_modern,ascii/,directory,,0
2014q3,faers_modern,ascii/ASC_NTS.pdf,documentation,,745369
2014q3,faers_modern,ascii/demo14q3.pdf,documentation,,167463
2014q3,faers_modern,ascii/DEMO14Q3.txt,table,demo,29223851
2014q3,faers_modern,ascii/drug14q3.pdf,documentation,,458142
2014q3,faers_modern,ascii/DRUG14Q3.txt,table,drug,64517885
2014q3,faers_modern,ascii/indi14q3.pdf,documentation,,54406
2014q3,faers_modern,ascii/INDI14Q3.txt,table,indi,18971283
2014q3,faers_modern,ascii/outc14q3.pdf,documentation,,54387
2014q3,faers_modern,ascii/OUTC14Q3.txt,table,outc,3861179
2014q3,faers_modern,ascii/reac14q3.pdf,documentation,,53000
2014q3,faers_modern,ascii/REAC14Q3.txt,table,reac,25020495
2014q3,faers_modern,ascii/rpsr14q3.pdf,documentation,,63193
2014q3,faers_modern,ascii/RPSR14Q3.txt,table,rpsr,567643
2014q3,faers_modern,ascii/ther14q.pdf,documentation,,52509
2014q3,faers_modern,ascii/THER14Q3.txt,table,ther,9744737
2014q3,faers_modern,FAQs.pdf,documentation,,47882
2014q3,faers_modern,Readme.pdf,documentation,,45932
2014q4,faers_modern,ascii/,directory,,0
2014q4,faers_modern,ascii/ASC_NTS.pdf,documentation,,521232
2014q4,faers_modern,ascii/demo14q4.pdf,documentation,,209313
2014q4,faers_modern,ascii/DEMO14Q4.txt,table,demo,29202383
2014q4,faers_modern,ascii/drug14q4.pdf,documentation,,295288
2014q4,faers_modern,ascii/DRUG14Q4.txt,table,drug,64136328
2014q4,faers_modern,ascii/indi14q4.pdf,documentation,,65756
2014q4,faers_modern,ascii/INDI14Q4.txt,table,indi,19912567
2014q4,faers_modern,ascii/outc14q4.pdf,documentation,,77887
2014q4,faers_modern,ascii/OUTC14Q4.txt,table,outc,3827909
2014q4,faers_modern,ascii/reac14q4.pdf,documentation,,71337
2014q4,faers_modern,ascii/REAC14Q4.txt,table,reac,23844821
2014q4,faers_modern,ascii/rpsr14q4.pdf,documentation,,73997
2014q4,faers_modern,ascii/RPSR14Q4.txt,table,rpsr,545749
2014q4,faers_modern,ascii/ther14q4.pdf,documentation,,69578
2014q4,faers_modern,ascii/THER14Q4.txt,table,ther,9788555
2014q4,faers_modern,FAQs.pdf,documentation,,63257
2014q4,faers_modern,Readme.pdf,documentation,,47956
2015q1,faers_modern,ascii/,directory,,0
2015q1,faers_modern,ascii/ASC_NTS.pdf,documentation,,557155
2015q1,faers_modern,ascii/demo15q1.pdf,documentation,,167059
2015q1,faers_modern,ascii/DEMO15Q1.txt,table,demo,45779911
2015q1,faers_modern,ascii/drug15q1.pdf,documentation,,150163
2015q1,faers_modern,ascii/DRUG15Q1.txt,table,drug,101137506
2015q1,faers_modern,ascii/indi15q1.pdf,documentation,,52477
2015q1,faers_modern,ascii/INDI15Q1.txt,table,indi,35020771
2015q1,faers_modern,ascii/outc15q1.pdf,documentation,,64422
2015q1,faers_modern,ascii/OUTC15Q1.txt,table,outc,5451564
2015q1,faers_modern,ascii/reac15q1.pdf,documentation,,56374
2015q1,faers_modern,ascii/REAC15Q1.txt,table,reac,32991330
2015q1,faers_modern,ascii/rpsr15q1.pdf,documentation,,62251
2015q1,faers_modern,ascii/RPSR15Q1.txt,table,rpsr,659763
2015q1,faers_modern,ascii/ther15q1.pdf,documentation,,52004
2015q1,faers_modern,ascii/THER15Q1.txt,table,ther,13456453
2015q1,faers_modern,FAQs.pdf,documentation,,112184
2015q1,faers_modern,Readme.pdf,documentation,,87199
2015q2,faers_modern,ascii/,directory,,0
2015q2,faers_modern,ascii/ASC_NTS.pdf,documentation,,557155
2015q2,faers_modern,ascii/demo15q2.pdf,documentation,,171606
2015q2,faers_modern,ascii/DEMO15Q2.txt,table,demo,40104744
2015q2,faers_modern,ascii/drug15q2.pdf,documentation,,355987
2015q2,faers_modern,ascii/DRUG15Q2.txt,table,drug,92590225
2015q2,faers_modern,ascii/indi15q2.pdf,documentation,,47032
2015q2,faers_modern,ascii/INDI15Q2.txt,table,indi,30473882
2015q2,faers_modern,ascii/outc15q2.pdf,documentation,,52673
2015q2,faers_modern,ascii/OUTC15Q2.txt,table,outc,4587429
2015q2,faers_modern,ascii/reac15q2.pdf,documentation,,46712
2015q2,faers_modern,ascii/REAC15Q2.txt,table,reac,31843625
2015q2,faers_modern,ascii/rpsr15q2.pdf,documentation,,60741
2015q2,faers_modern,ascii/RPSR15Q2.txt,table,rpsr,478824
2015q2,faers_modern,ascii/ther15q2.pdf,documentation,,64919
2015q2,faers_modern,ascii/THER15Q2.txt,table,ther,13377540
2015q2,faers_modern,FAQs.pdf,documentation,,112184
2015q2,faers_modern,Readme.pdf,documentation,,87199
2015q3,faers_modern,ascii/,directory,,0
2015q3,faers_modern,ascii/ASC_NTS.pdf,documentation,,557155
2015q3,faers_modern,ascii/demo15q3.pdf,documentation,,127697
2015q3,faers_modern,ascii/DEMO15Q3.txt,table,demo,55000360
2015q3,faers_modern,ascii/drug15q3.pdf,documentation,,228496
2015q3,faers_modern,ascii/DRUG15Q3.txt,table,drug,120594775
2015q3,faers_modern,ascii/indi15q3.pdf,documentation,,46999
2015q3,faers_modern,ascii/INDI15Q3.txt,table,indi,37629710
2015q3,faers_modern,ascii/outc15q3.pdf,documentation,,59080
2015q3,faers_modern,ascii/OUTC15Q3.txt,table,outc,4885726
2015q3,faers_modern,ascii/reac15q3.pdf,documentation,,52816
2015q3,faers_modern,ascii/REAC15Q3.txt,table,reac,42333511
2015q3,faers_modern,ascii/rpsr15q3.pdf,documentation,,61364
2015q3,faers_modern,ascii/RPSR15Q3.txt,table,rpsr,281523
2015q3,faers_modern,ascii/ther15q3.pdf,documentation,,57180
2015q3,faers_modern,ascii/THER15Q3.txt,table,ther,17617114
2015q3,faers_modern,FAQs.pdf,documentation,,112184
2015q3,faers_modern,Readme.pdf,documentation,,87199
2015q4,faers_modern,ascii/,directory,,0
2015q4,faers_modern,ascii/ASC_NTS.pdf,documentation,,498448
2015q4,faers_modern,ascii/demo15q4.pdf,documentation,,189961
2015q4,faers_modern,ascii/DEMO15Q4.txt,table,demo,44658563
2015q4,faers_modern,ascii/drug15q4.pdf,documentation,,238272
2015q4,faers_modern,ascii/DRUG15Q4.txt,table,drug,100105690
2015q4,faers_modern,ascii/indi15q4.pdf,documentation,,58808
2015q4,faers_modern,ascii/INDI15Q4.txt,table,indi,33564753
2015q4,faers_modern,ascii/outc15q4.pdf,documentation,,63921
2015q4,faers_modern,ascii/OUTC15Q4.txt,table,outc,4703944
2015q4,faers_modern,ascii/reac15q4.pdf,documentation,,62541
2015q4,faers_modern,ascii/REAC15Q4.txt,table,reac,36309065
2015q4,faers_modern,ascii/rpsr15q4.pdf,documentation,,67646
2015q4,faers_modern,ascii/RPSR15Q4.txt,table,rpsr,131812
2015q4,faers_modern,ascii/ther15q4.pdf,documentation,,70085
2015q4,faers_modern,ascii/THER15Q4.txt,table,ther,14444834
2015q4,faers_modern,FAQs.pdf,documentation,,111042
2015q4,faers_modern,Readme.pdf,documentation,,101684
2016q1,faers_modern,ascii/,directory,,0
2016q1,faers_modern,ascii/ASC_NTS.pdf,documentation,,305113
2016q1,faers_modern,ascii/demo16q1.pdf,documentation,,104678
2016q1,faers_modern,ascii/DEMO16Q1.txt,table,demo,51731887
2016q1,faers_modern,ascii/drug16q1.pdf,documentation,,258440
2016q1,faers_modern,ascii/DRUG16Q1.txt,table,drug,113025345
2016q1,faers_modern,ascii/indi16q1.pdf,documentation,,54062
2016q1,faers_modern,ascii/INDI16Q1.txt,table,indi,41650173
2016q1,faers_modern,ascii/out16q1.pdf,documentation,,54166
2016q1,faers_modern,ascii/OUTC16Q1.txt,table,outc,4825800
2016q1,faers_modern,ascii/reac16q1.pdf,documentation,,51505
2016q1,faers_modern,ascii/REAC16Q1.txt,table,reac,38243135
2016q1,faers_modern,ascii/rpsr16q1.pdf,documentation,,56395
2016q1,faers_modern,ascii/RPSR16Q1.txt,table,rpsr,149803
2016q1,faers_modern,ascii/ther16q1.pdf,documentation,,57136
2016q1,faers_modern,ascii/THER16Q1.txt,table,ther,16512504
2016q1,faers_modern,FAQs.pdf,documentation,,239444
2016q1,faers_modern,Readme.pdf,documentation,,101684
2016q2,faers_modern,ascii/,directory,,0
2016q2,faers_modern,ascii/ASC_NTS.pdf,documentation,,305113
2016q2,faers_modern,ascii/demo16q2.pdf,documentation,,128547
2016q2,faers_modern,ascii/DEMO16Q2.txt,table,demo,43420538
2016q2,faers_modern,ascii/drug16q2.pdf,documentation,,376938
2016q2,faers_modern,ascii/DRUG16Q2.txt,table,drug,106079656
2016q2,faers_modern,ascii/indi16q2.pdf,documentation,,146743
2016q2,faers_modern,ascii/INDI16Q2.txt,table,indi,38337775
2016q2,faers_modern,ascii/outc16q2.pdf,documentation,,162341
2016q2,faers_modern,ascii/OUTC16Q2.txt,table,outc,5024608
2016q2,faers_modern,ascii/reac16q2.pdf,documentation,,86467
2016q2,faers_modern,ascii/REAC16Q2.txt,table,reac,34559003
2016q2,faers_modern,ascii/rpsr16q2.pdf,documentation,,164410
2016q2,faers_modern,ascii/RPSR16Q2.txt,table,rpsr,217372
2016q2,faers_modern,ascii/ther16q2.pdf,documentation,,154069
2016q2,faers_modern,ascii/THER16Q2.txt,table,ther,16794717
2016q2,faers_modern,FAQs.pdf,documentation,,239444
2016q2,faers_modern,Readme.pdf,documentation,,101684
2016q3,faers_modern,ascii/,directory,,0
2016q3,faers_modern,ascii/ASC_NTS.pdf,documentation,,498448
2016q3,faers_modern,ascii/demo16q3.pdf,documentation,,122549
2016q3,faers_modern,ascii/DEMO16Q3.txt,table,demo,43349590
2016q3,faers_modern,ascii/drug16q3.pdf,documentation,,102869
2016q3,faers_modern,ascii/DRUG16Q3.txt,table,drug,115812366
2016q3,faers_modern,ascii/indi16q3.pdf,documentation,,42416
2016q3,faers_modern,ascii/INDI16Q3.txt,table,indi,39089739
2016q3,faers_modern,ascii/outc16q3.pdf,documentation,,59448
2016q3,faers_modern,ascii/OUTC16Q3.txt,table,outc,5083287
2016q3,faers_modern,ascii/reac16q3.pdf,documentation,,41374
2016q3,faers_modern,ascii/REAC16Q3.txt,table,reac,35443308
2016q3,faers_modern,ascii/rpsr16q3.pdf,documentation,,52906
2016q3,faers_modern,ascii/RPSR16Q3.txt,table,rpsr,169403
2016q3,faers_modern,ascii/ther16q3.pdf,documentation,,35762
2016q3,faers_modern,ascii/THER16Q3.txt,table,ther,17529546
2016q3,faers_modern,FAQs.pdf,documentation,,148513
2016q3,faers_modern,Readme.pdf,documentation,,101684
2016q4,faers_modern,ascii/,directory,,0
2016q4,faers_modern,ascii/ASC_NTS.pdf,documentation,,305113
2016q4,faers_modern,ascii/demo16q4.pdf,documentation,,167870
2016q4,faers_modern,ascii/DEMO16Q4.txt,table,demo,43079991
2016q4,faers_modern,ascii/drug16q4.pdf,documentation,,173189
2016q4,faers_modern,ascii/DRUG16Q4.txt,table,drug,107439837
2016q4,faers_modern,ascii/indi16q4.pdf,documentation,,42474
2016q4,faers_modern,ascii/INDI16Q4.txt,table,indi,35904121
2016q4,faers_modern,ascii/outc16q4.pdf,documentation,,56442
2016q4,faers_modern,ascii/OUTC16Q4.txt,table,outc,5066783
2016q4,faers_modern,ascii/reac16q4.pdf,documentation,,44253
2016q4,faers_modern,ascii/REAC16Q4.txt,table,reac,34647274
2016q4,faers_modern,ascii/rpsr16q4.pdf,documentation,,47700
2016q4,faers_modern,ascii/RPSR16Q4.txt,table,rpsr,253606
2016q4,faers_modern,ascii/ther16q4.pdf,documentation,,24502
2016q4,faers_modern,ascii/THER16Q4.txt,table,ther,15677077
2016q4,faers_modern,FAQs.pdf,documentation,,148513
2016q4,faers_modern,Readme.pdf,documentation,,101684
2017q1,faers_modern,ascii/,directory,,0
2017q1,faers_modern,ascii/ASC_NTS.pdf,documentation,,305113
2017q1,faers_modern,ascii/demo17q1.pdf,documentation,,68640
2017q1,faers_modern,ascii/DEMO17Q1.txt,table,demo,49464395
2017q1,faers_modern,ascii/drug17q1.pdf,documentation,,135236
2017q1,faers_modern,ascii/DRUG17Q1.txt,table,drug,116443062
2017q1,faers_modern,ascii/indi17q1.pdf,documentation,,25362
2017q1,faers_modern,ascii/INDI17Q1.txt,table,indi,41219170
2017q1,faers_modern,ascii/outc17q1.pdf,documentation,,39334
2017q1,faers_modern,ascii/OUTC17Q1.txt,table,outc,5569260
2017q1,faers_modern,ascii/reac17q1.pdf,documentation,,24716
2017q1,faers_modern,ascii/REAC17Q1.txt,table,reac,39282240
2017q1,faers_modern,ascii/rpsr17q1.pdf,documentation,,32345
2017q1,faers_modern,ascii/RPSR17Q1.txt,table,rpsr,312748
2017q1,faers_modern,ascii/ther17q1.pdf,documentation,,39075
2017q1,faers_modern,ascii/THER17Q1.txt,table,ther,16479707
2017q1,faers_modern,FAQs.pdf,documentation,,148513
2017q1,faers_modern,Readme.pdf,documentation,,101684
2017q2,faers_modern,ascii/,directory,,0
2017q2,faers_modern,ascii/ASC_NTS.pdf,documentation,,305113
2017q2,faers_modern,ascii/demo17q2.pdf,documentation,,113723
2017q2,faers_modern,ascii/DEMO17Q2.txt,table,demo,47374150
2017q2,faers_modern,ascii/drug17q2.pdf,documentation,,233305
2017q2,faers_modern,ascii/DRUG17Q2.txt,table,drug,111617470
2017q2,faers_modern,ascii/indi17q2.pdf,documentation,,38730
2017q2,faers_modern,ascii/INDI17Q2.txt,table,indi,39097415
2017q2,faers_modern,ascii/outc17q2.pdf,documentation,,54252
2017q2,faers_modern,ascii/OUTC17Q2.txt,table,outc,5335483
2017q2,faers_modern,ascii/reac17q2.pdf,documentation,,40579
2017q2,faers_modern,ascii/REAC17Q2.txt,table,reac,37578304
2017q2,faers_modern,ascii/rpsr17q2.pdf,documentation,,42036
2017q2,faers_modern,ascii/RPSR17Q2.txt,table,rpsr,366653
2017q2,faers_modern,ascii/ther17q2.pdf,documentation,,32050
2017q2,faers_modern,ascii/THER17Q2.txt,table,ther,16490019
2017q2,faers_modern,FAQs.pdf,documentation,,148513
2017q2,faers_modern,Readme.pdf,documentation,,101684
2017q3,faers_modern,ascii/,directory,,0
2017q3,faers_modern,ascii/ASC_NTS.pdf,documentation,,305113
2017q3,faers_modern,ascii/demo17q3.pdf,documentation,,84381
2017q3,faers_modern,ascii/DEMO17Q3.txt,table,demo,49289468
2017q3,faers_modern,ascii/drug17q3.pdf,documentation,,149985
2017q3,faers_modern,ascii/DRUG17Q3.txt,table,drug,114550683
2017q3,faers_modern,ascii/indi17q3.pdf,documentation,,33445
2017q3,faers_modern,ascii/INDI17Q3.txt,table,indi,40449202
2017q3,faers_modern,ascii/outc17q3.pdf,documentation,,40088
2017q3,faers_modern,ascii/OUTC17Q3.txt,table,outc,5372967
2017q3,faers_modern,ascii/reac17q3.pdf,documentation,,31940
2017q3,faers_modern,ascii/REAC17Q3.txt,table,reac,38871763
2017q3,faers_modern,ascii/rpsr17q3.pdf,documentation,,48594
2017q3,faers_modern,ascii/RPSR17Q3.txt,table,rpsr,359787
2017q3,faers_modern,ascii/ther17q3.pdf,documentation,,38667
2017q3,faers_modern,ascii/THER17Q3.txt,table,ther,16060904
2017q3,faers_modern,FAQs.pdf,documentation,,148513
2017q3,faers_modern,Readme.pdf,documentation,,101684
2017q4,faers_modern,ascii/,directory,,0
2017q4,faers_modern,ascii/ASC_NTS.pdf,documentation,,305113
2017q4,faers_modern,ascii/demo17q4.pdf,documentation,,98888
2017q4,faers_modern,ascii/DEMO17Q4.txt,table,demo,46032157
2017q4,faers_modern,ascii/drug17q4.pdf,documentation,,219739
2017q4,faers_modern,ascii/DRUG17Q4.txt,table,drug,112585653
2017q4,faers_modern,ascii/indi17q4.pdf,documentation,,47287
2017q4,faers_modern,ascii/INDI17Q4.txt,table,indi,39994048
2017q4,faers_modern,ascii/outc17q4.pdf,documentation,,42547
2017q4,faers_modern,ascii/OUTC17Q4.txt,table,outc,5347855
2017q4,faers_modern,ascii/reac17q4.pdf,documentation,,35752
2017q4,faers_modern,ascii/REAC17Q4.txt,table,reac,35644918
2017q4,faers_modern,ascii/rpsr17q4.pdf,documentation,,58476
2017q4,faers_modern,ascii/RPSR17Q4.txt,table,rpsr,341704
2017q4,faers_modern,ascii/ther17q4.pdf,documentation,,41452
2017q4,faers_modern,ascii/THER17Q4.txt,table,ther,15651932
2017q4,faers_modern,FAQs.pdf,documentation,,148513
2017q4,faers_modern,Readme.pdf,documentation,,101684
2018q1,faers_modern,ascii/,directory,,0
2018q1,faers_modern,ascii/ASC_NTS.pdf,documentation,,305113
2018q1,faers_modern,ascii/demo18q1.pdf,documentation,,74280
2018q1,faers_modern,ascii/DEMO18Q1_new.txt,table,demo,57295695
2018q1,faers_modern,ascii/drug18q1.pdf,documentation,,159828
2018q1,faers_modern,ascii/DRUG18Q1.txt,table,drug,159629633
2018q1,faers_modern,ascii/indi18q1.pdf,documentation,,33838
2018q1,faers_modern,ascii/INDI18Q1.txt,table,indi,54427575
2018q1,faers_modern,ascii/outc18q1.pdf,documentation,,49337
2018q1,faers_modern,ascii/OUTC18Q1.txt,table,outc,6571067
2018q1,faers_modern,ascii/reac18q1.pdf,documentation,,32676
2018q1,faers_modern,ascii/REAC18Q1.txt,table,reac,44808946
2018q1,faers_modern,ascii/rpsr18q1.pdf,documentation,,40173
2018q1,faers_modern,ascii/RPSR18Q1.txt,table,rpsr,432115
2018q1,faers_modern,ascii/ther18q1.pdf,documentation,,46751
2018q1,faers_modern,ascii/THER18Q1.txt,table,ther,19561557
2018q1,faers_modern,FAQs.pdf,documentation,,148513
2018q1,faers_modern,Readme.pdf,documentation,,101684
2018q2,faers_modern,ascii/,directory,,0
2018q2,faers_modern,ascii/ASC_NTS.pdf,documentation,,305113
2018q2,faers_modern,ascii/demo18q2.pdf,documentation,,95185
2018q2,faers_modern,ascii/DEMO18Q2.txt,table,demo,63993619
2018q2,faers_modern,ascii/drug18q2.pdf,documentation,,150113
2018q2,faers_modern,ascii/DRUG18Q2.txt,table,drug,190826251
2018q2,faers_modern,ascii/indi18.q2.pdf,documentation,,41577
2018q2,faers_modern,ascii/INDI18Q2.txt,table,indi,63605187
2018q2,faers_modern,ascii/outc18q2.pdf,documentation,,35275
2018q2,faers_modern,ascii/OUTC18Q2.txt,table,outc,7635332
2018q2,faers_modern,ascii/reac18q2.pdf,documentation,,42643
2018q2,faers_modern,ascii/REAC18Q2.txt,table,reac,52893030
2018q2,faers_modern,ascii/rpsr18q2.pdf,documentation,,53970
2018q2,faers_modern,ascii/RPSR18Q2.txt,table,rpsr,367986
2018q2,faers_modern,ascii/ther18q2.pdf,documentation,,12803
2018q2,faers_modern,ascii/THER18Q2.txt,table,ther,25152029
2018q2,faers_modern,FAQs.pdf,documentation,,148513
2018q2,faers_modern,Readme.pdf,documentation,,101684
2018q3,faers_modern,ascii/,directory,,0
2018q3,faers_modern,ascii/ASC_NTS.pdf,documentation,,305113
2018q3,faers_modern,ascii/demo18q3.pdf,documentation,,100953
2018q3,faers_modern,ascii/DEMO18Q3.txt,table,demo,58475712
2018q3,faers_modern,ascii/drug18q3.pdf,documentation,,167189
2018q3,faers_modern,ascii/DRUG18Q3.txt,table,drug,157448825
2018q3,faers_modern,ascii/indi18q3.pdf,documentation,,46245
2018q3,faers_modern,ascii/INDI18Q3.txt,table,indi,53827184
2018q3,faers_modern,ascii/outc18q3.pdf,documentation,,45211
2018q3,faers_modern,ascii/OUTC18Q3.txt,table,outc,6804689
2018q3,faers_modern,ascii/reac18q3.pdf,documentation,,40543
2018q3,faers_modern,ascii/REAC18Q3.txt,table,reac,50596262
2018q3,faers_modern,ascii/rpsr18q3.pdf,documentation,,55685
2018q3,faers_modern,ascii/RPSR18Q3.txt,table,rpsr,552117
2018q3,faers_modern,ascii/ther18q3.pdf,documentation,,52695
2018q3,faers_modern,ascii/THER18Q3.txt,table,ther,24247551
2018q3,faers_modern,FAQs.pdf,documentation,,148513
2018q3,faers_modern,Readme.pdf,documentation,,101684
2018q4,faers_modern,ascii/ASC_NTS.pdf,documentation,,305113
2018q4,faers_modern,ascii/demo18q4.pdf,documentation,,117203
2018q4,faers_modern,ascii/DEMO18Q4.txt,table,demo,55838338
2018q4,faers_modern,ascii/drug18q4.pdf,documentation,,175015
2018q4,faers_modern,ascii/DRUG18Q4.txt,table,drug,146238557
2018q4,faers_modern,ascii/indi18q4.pdf,documentation,,40343
2018q4,faers_modern,ascii/INDI18Q4.txt,table,indi,51103284
2018q4,faers_modern,ascii/outc18q4.pdf,documentation,,52044
2018q4,faers_modern,ascii/OUTC18Q4.txt,table,outc,6880092
2018q4,faers_modern,ascii/reac18q4.pdf,documentation,,40539
2018q4,faers_modern,ascii/REAC18Q4.txt,table,reac,47997733
2018q4,faers_modern,ascii/rpsr18q4.pdf,documentation,,53965
2018q4,faers_modern,ascii/RPSR18Q4.txt,table,rpsr,488657
2018q4,faers_modern,ascii/ther18q4.pdf,documentation,,50720
2018q4,faers_modern,ascii/THER18Q4.txt,table,ther,22509621
2018q4,faers_modern,FAQs.pdf,documentation,,148513
2018q4,faers_modern,Readme.pdf,documentation,,101684
2019q1,faers_modern,ascii/,directory,,0
2019q1,faers_modern,ascii/ASC_NTS.pdf,documentation,,305113
2019q1,faers_modern,ascii/DEMO19Q1.pdf,documentation,,96710
2019q1,faers_modern,ascii/DEMO19Q1.txt,table,demo,59283294
2019q1,faers_modern,ascii/DRUG19Q1.pdf,documentation,,131827
2019q1,faers_modern,ascii/DRUG19Q1.txt,table,drug,155426092
2019q1,faers_modern,ascii/INDI19Q1.pdf,documentation,,46071
2019q1,faers_modern,ascii/INDI19Q1.txt,table,indi,53261820
2019q1,faers_modern,ascii/OUTC19Q1.pdf,documentation,,40374
2019q1,faers_modern,ascii/OUTC19Q1.txt,table,outc,7146318
2019q1,faers_modern,ascii/REAC19Q1.pdf,documentation,,40429
2019q1,faers_modern,ascii/REAC19Q1.txt,table,reac,50031710
2019q1,faers_modern,ascii/RPSR19Q1.pdf,documentation,,42111
2019q1,faers_modern,ascii/RPSR19Q1.txt,table,rpsr,371328
2019q1,faers_modern,ascii/THER19Q1.pdf,documentation,,38943
2019q1,faers_modern,ascii/THER19Q1.txt,table,ther,22742159
2019q1,faers_modern,deleted/,directory,,0
2019q1,faers_modern,deleted/ADR19Q1DeletedCases.txt,deleted_cases,,28546
2019q1,faers_modern,deleted/AllDeletedCases.txt,deleted_cases,,814551
2019q1,faers_modern,FAQs.pdf,documentation,,279642
2019q1,faers_modern,Readme.pdf,documentation,,101684
2019q2,faers_modern,ascii/,directory,,0
2019q2,faers_modern,ascii/ASC_NTS.pdf,documentation,,305113
2019q2,faers_modern,ascii/demo19q2.pdf,documentation,,58810
2019q2,faers_modern,ascii/DEMO19Q2.txt,table,demo,61260566
2019q2,faers_modern,ascii/drug19q2.pdf,documentation,,140843
2019q2,faers_modern,ascii/DRUG19Q2.txt,table,drug,176451390
2019q2,faers_modern,ascii/indi19q2.pdf,documentation,,33974
2019q2,faers_modern,ascii/INDI19Q2.txt,table,indi,58363413
2019q2,faers_modern,ascii/outc19q2.pdf,documentation,,15224
2019q2,faers_modern,ascii/OUTC19Q2.txt,table,outc,7472059
2019q2,faers_modern,ascii/reac19q2.pdf,documentation,,29431
2019q2,faers_modern,ascii/REAC19Q2.txt,table,reac,53853445
2019q2,faers_modern,ascii/rpsr19q2.pdf,documentation,,45419
2019q2,faers_modern,ascii/RPSR19Q2.txt,table,rpsr,547394
2019q2,faers_modern,ascii/ther19q2.pdf,documentation,,46003
2019q2,faers_modern,ascii/THER19Q2.txt,table,ther,27259101
2019q2,faers_modern,deleted/,directory,,0
2019q2,faers_modern,deleted/ADR19Q2DeletedCases.txt,deleted_cases,,44036
2019q2,faers_modern,FAQs.pdf,documentation,,279642
2019q2,faers_modern,Readme.pdf,documentation,,101684
2019q3,faers_modern,ascii/,directory,,0
2019q3,faers_modern,ascii/ASC_NTS.pdf,documentation,,305113
2019q3,faers_modern,ascii/demo19q3.pdf,documentation,,98244
2019q3,faers_modern,ascii/DEMO19Q3.txt,table,demo,63445050
2019q3,faers_modern,ascii/drug19q3.pdf,documentation,,150175
2019q3,faers_modern,ascii/DRUG19Q3.txt,table,drug,191614704
2019q3,faers_modern,ascii/indi19q3.pdf,documentation,,40679
2019q3,faers_modern,ascii/INDI19Q3.txt,table,indi,64170554
2019q3,faers_modern,ascii/outc19q3.pdf,documentation,,40833
2019q3,faers_modern,ascii/OUTC19Q3.txt,table,outc,7450926
2019q3,faers_modern,ascii/reac19q3.pdf,documentation,,34673
2019q3,faers_modern,ascii/REAC19Q3.txt,table,reac,57519283
2019q3,faers_modern,ascii/rpsr19q3.pdf,documentation,,50167
2019q3,faers_modern,ascii/RPSR19Q3.txt,table,rpsr,478302
2019q3,faers_modern,ascii/ther19q3.pdf,documentation,,43753
2019q3,faers_modern,ascii/THER19Q3.txt,table,ther,28568023
2019q3,faers_modern,deleted/,directory,,0
2019q3,faers_modern,deleted/ADR19Q3DeletedCases.txt,deleted_cases,,44540
2019q3,faers_modern,FAQs.pdf,documentation,,279642
2019q3,faers_modern,Readme.pdf,documentation,,101684
2019q4,faers_modern,ascii/,directory,,0
2019q4,faers_modern,ascii/ASC_NTS.pdf,documentation,,305113
2019q4,faers_modern,ascii/demo19q4.pdf,documentation,,106251
2019q4,faers_modern,ascii/DEMO19Q4.txt,table,demo,58845064
2019q4,faers_modern,ascii/drug19q4.pdf,documentation,,164228
2019q4,faers_modern,ascii/DRUG19Q4.txt,table,drug,162044576
2019q4,faers_modern,ascii/indi19q4.pdf,documentation,,33941
2019q4,faers_modern,ascii/INDI19Q4.txt,table,indi,55568709
2019q4,faers_modern,ascii/outc19q4.pdf,documentation,,43334
2019q4,faers_modern,ascii/OUTC19Q4.txt,table,outc,7399596
2019q4,faers_modern,ascii/reac19q4.pdf,documentation,,31564
2019q4,faers_modern,ascii/REAC19Q4.txt,table,reac,52135431
2019q4,faers_modern,ascii/rpsr19q4.pdf,documentation,,50129
2019q4,faers_modern,ascii/RPSR19Q4.txt,table,rpsr,551936
2019q4,faers_modern,ascii/ther19q4.pdf,documentation,,17115
2019q4,faers_modern,ascii/THER19Q4.txt,table,ther,23377144
2019q4,faers_modern,deleted/,directory,,0
2019q4,faers_modern,deleted/ADR19Q4DeletedCases.txt,deleted_cases,,53371
2019q4,faers_modern,FAQs.pdf,documentation,,279642
2019q4,faers_modern,Readme.pdf,documentation,,101684
2020q1,faers_modern,ASCII/,directory,,0
2020q1,faers_modern,ASCII/ASC_NTS.pdf,documentation,,305113
2020q1,faers_modern,ASCII/demo20q1.pdf,documentation,,94266
2020q1,faers_modern,ASCII/DEMO20Q1.txt,table,demo,64959194
2020q1,faers_modern,ASCII/drug20q1.pdf,documentation,,155559
2020q1,faers_modern,ASCII/DRUG20Q1.txt,table,drug,185705675
2020q1,faers_modern,ASCII/indi20q1.pdf,documentation,,38856
2020q1,faers_modern,ASCII/INDI20Q1.txt,table,indi,63525140
2020q1,faers_modern,ASCII/outc20q1.pdf,documentation,,48549
2020q1,faers_modern,ASCII/OUTC20Q1.txt,table,outc,7384543
2020q1,faers_modern,ASCII/reac20q1.pdf,documentation,,42260
2020q1,faers_modern,ASCII/REAC20Q1.txt,table,reac,56432895
2020q1,faers_modern,ASCII/rpsr20q1.pdf,documentation,,45791
2020q1,faers_modern,ASCII/RPSR20Q1.txt,table,rpsr,344787
2020q1,faers_modern,ASCII/THER20Q1.PDF,documentation,,34417
2020q1,faers_modern,ASCII/THER20Q1.txt,table,ther,25856062
2020q1,faers_modern,DELETED/,directory,,0
2020q1,faers_modern,DELETED/ADR20Q1DeletedCases.txt,deleted_cases,,44888
2020q1,faers_modern,FAQs.pdf,documentation,,176680
2020q1,faers_modern,Readme.pdf,documentation,,101684
2020q2,faers_modern,ASCII/ASC_NTS.pdf,documentation,,305113
2020q2,faers_modern,ASCII/demo20q2.pdf,documentation,,116791
2020q2,faers_modern,ASCII/DEMO20Q2.txt,table,demo,59242277
2020q2,faers_modern,ASCII/drug20q2.pdf,documentation,,264200
2020q2,faers_modern,ASCII/DRUG20Q2.txt,table,drug,175848509
2020q2,faers_modern,ASCII/indi20q2.pdf,documentation,,50118
2020q2,faers_modern,ASCII/INDI20Q2.txt,table,indi,61092377
2020q2,faers_modern,ASCII/outc20q2.pdf,documentation,,35379
2020q2,faers_modern,ASCII/OUTC20Q2.txt,table,outc,6769407
2020q2,faers_modern,ASCII/reac20q2.pdf,documentation,,35643
2020q2,faers_modern,ASCII/REAC20Q2.txt,table,reac,53458408
2020q2,faers_modern,ASCII/rpsr20q.pdf,documentation,,43357
2020q2,faers_modern,ASCII/RPSR20Q2.txt,table,rpsr,291066
2020q2,faers_modern,ASCII/ther20q2.pdf,documentation,,34129
2020q2,faers_modern,ASCII/THER20Q2.txt,table,ther,22600820
2020q2,faers_modern,DELETED/ADR20Q2DeletedCases.txt,deleted_cases,,50107
2020q2,faers_modern,FAQs.pdf,documentation,,100140
2020q2,faers_modern,Readme.pdf,documentation,,101684
2020q3,faers_modern,ASCII/,directory,,0
2020q3,faers_modern,ASCII/ASC_NTS.pdf,documentation,,305113
2020q3,faers_modern,ASCII/demo20q3.pdf,documentation,,103799
2020q3,faers_modern,ASCII/DEMO20Q3.txt,table,demo,60531205
2020q3,faers_modern,ASCII/drug20q3.pdf,documentation,,142473
2020q3,faers_modern,ASCII/DRUG20Q3.txt,table,drug,181745059
2020q3,faers_modern,ASCII/indi20q3.pdf,documentation,,38993
2020q3,faers_modern,ASCII/INDI20Q3.txt,table,indi,61926190
2020q3,faers_modern,ASCII/outc20q3.pdf,documentation,,50405
2020q3,faers_modern,ASCII/OUTC20Q3.txt,table,outc,8248630
2020q3,faers_modern,ASCII/reac20q3.pdf,documentation,,32695
2020q3,faers_modern,ASCII/REAC20Q3.txt,table,reac,55763927
2020q3,faers_modern,ASCII/rpsr20q3.pdf,documentation,,41784
2020q3,faers_modern,ASCII/RPSR20Q3.txt,table,rpsr,397016
2020q3,faers_modern,ASCII/ther20q3.pdf,documentation,,41992
2020q3,faers_modern,ASCII/THER20Q3.txt,table,ther,23562434
2020q3,faers_modern,Deleted/,directory,,0
2020q3,faers_modern,Deleted/ADR20Q3DeletedCases.txt,deleted_cases,,72356
2020q3,faers_modern,FAQs.pdf,documentation,,100140
2020q3,faers_modern,Readme.pdf,documentation,,101684
2020q4,faers_modern,ASCII/ASC_NTS.pdf,documentation,,305113
2020q4,faers_modern,ASCII/demo20q4.pdf,documentation,,108504
2020q4,faers_modern,ASCII/DEMO20Q4.txt,table,demo,62129162
2020q4,faers_modern,ASCII/drug20q4.pdf,documentation,,179110
2020q4,faers_modern,ASCII/DRUG20Q4.txt,table,drug,189401592
2020q4,faers_modern,ASCII/indi20q4.pdf,documentation,,58303
2020q4,faers_modern,ASCII/INDI20Q4.txt,table,indi,62884407
2020q4,faers_modern,ASCII/outc20q4.pdf,documentation,,63992
2020q4,faers_modern,ASCII/OUTC20Q4.txt,table,outc,8413863
2020q4,faers_modern,ASCII/reac20q4.pdf,documentation,,52160
2020q4,faers_modern,ASCII/REAC20Q4.txt,table,reac,58420182
2020q4,faers_modern,ASCII/rpsr20q4.pdf,documentation,,65304
2020q4,faers_modern,ASCII/RPSR20Q4.txt,table,rpsr,335704
2020q4,faers_modern,ASCII/ther20q4.pdf,documentation,,62391
2020q4,faers_modern,ASCII/THER20Q4.txt,table,ther,24711459
2020q4,faers_modern,Deleted/20Q4DeletedCases.txt,deleted_cases,,44204
2020q4,faers_modern,FAQs.pdf,documentation,,100140
2020q4,faers_modern,Readme.pdf,documentation,,101684
2021q1,faers_modern,ASCII/,directory,,0
2021q1,faers_modern,ASCII/ASC_NTS.pdf,documentation,,305113
2021q1,faers_modern,ASCII/demo21q1.pdf,documentation,,25483
2021q1,faers_modern,ASCII/DEMO21Q1.txt,table,demo,67218178
2021q1,faers_modern,ASCII/drug21q1.pdf,documentation,,48944
2021q1,faers_modern,ASCII/DRUG21Q1.txt,table,drug,215886278
2021q1,faers_modern,ASCII/indi21q1.pdf,documentation,,20676
2021q1,faers_modern,ASCII/INDI21Q1.txt,table,indi,74553602
2021q1,faers_modern,ASCII/outc21q1.pdf,documentation,,35798
2021q1,faers_modern,ASCII/OUTC21Q1.txt,table,outc,8554073
2021q1,faers_modern,ASCII/reac21q1.pdf,documentation,,30361
2021q1,faers_modern,ASCII/REAC21Q1.txt,table,reac,57875181
2021q1,faers_modern,ASCII/rpsr21q1.pdf,documentation,,16691
2021q1,faers_modern,ASCII/RPSR21Q1.txt,table,rpsr,326081
2021q1,faers_modern,ASCII/ther21q1.pdf,documentation,,16320
2021q1,faers_modern,ASCII/THER21Q1.txt,table,ther,28811753
2021q1,faers_modern,Deleted/,directory,,0
2021q1,faers_modern,Deleted/21Q1DeletedCases.txt,deleted_cases,,50646
2021q1,faers_modern,FAQs.pdf,documentation,,100140
2021q1,faers_modern,Readme.pdf,documentation,,101684
2021q2,faers_modern,ASCII/,directory,,0
2021q2,faers_modern,ASCII/ASC_NTS.pdf,documentation,,305113
2021q2,faers_modern,ASCII/demo21q2.pdf,documentation,,105300
2021q2,faers_modern,ASCII/DEMO21Q2.txt,table,demo,67954207
2021q2,faers_modern,ASCII/drug21q2.pdf,documentation,,139512
2021q2,faers_modern,ASCII/DRUG21Q2.txt,table,drug,226648175
2021q2,faers_modern,ASCII/indi21q2.pdf,documentation,,35311
2021q2,faers_modern,ASCII/INDI21Q2.txt,table,indi,77639413
2021q2,faers_modern,ASCII/out21q2.pdf,documentation,,35397
2021q2,faers_modern,ASCII/OUTC21Q2.txt,table,outc,8835735
2021q2,faers_modern,ASCII/reac21q2.pdf,documentation,,29200
2021q2,faers_modern,ASCII/REAC21Q2.txt,table,reac,58598839
2021q2,faers_modern,ASCII/rpsr21q2.pdf,documentation,,42066
2021q2,faers_modern,ASCII/RPSR21Q2.txt,table,rpsr,304996
2021q2,faers_modern,ASCII/ther21q2.pdf,documentation,,40190
2021q2,faers_modern,ASCII/THER21Q2.txt,table,ther,28944777
2021q2,faers_modern,Deleted/,directory,,0
2021q2,faers_modern,Deleted/21Q2DeletedCases.txt,deleted_cases,,68772
2021q2,faers_modern,FAQs.pdf,documentation,,100140
2021q2,faers_modern,Readme.pdf,documentation,,101684
2021q3,faers_modern,ASCII/,directory,,0
2021q3,faers_modern,ASCII/ASC_NTS.pdf,documentation,,305113
2021q3,faers_modern,ASCII/demo21q3.pdf,documentation,,96206
2021q3,faers_modern,ASCII/DEMO21Q3.txt,table,demo,70973625
2021q3,faers_modern,ASCII/drug21q3.pdf,documentation,,166090
2021q3,faers_modern,ASCII/DRUG21Q3.txt,table,drug,224039760
2021q3,faers_modern,ASCII/indi21q3.pdf,documentation,,35702
2021q3,faers_modern,ASCII/INDI21Q3.txt,table,indi,73392700
2021q3,faers_modern,ASCII/outc21q3.pdf,documentation,,40995
2021q3,faers_modern,ASCII/OUTC21Q3.txt,table,outc,9683245
2021q3,faers_modern,ASCII/reac21q3.pdf,documentation,,33089
2021q3,faers_modern,ASCII/REAC21Q3.txt,table,reac,59455037
2021q3,faers_modern,ASCII/rpsr21q3.pdf,documentation,,44386
2021q3,faers_modern,ASCII/RPSR21Q3.txt,table,rpsr,391105
2021q3,faers_modern,ASCII/ther21q3.pdf,documentation,,39331
2021q3,faers_modern,ASCII/THER21Q3.txt,table,ther,31130203
2021q3,faers_modern,Deleted/,directory,,0
2021q3,faers_modern,Deleted/21Q3DeletedCases.txt,deleted_cases,,70320
2021q3,faers_modern,FAQs.pdf,documentation,,100140
2021q3,faers_modern,Readme.pdf,documentation,,101684
2021q4,faers_modern,ASCII/,directory,,0
2021q4,faers_modern,ASCII/ASC_NTS.pdf,documentation,,419941
2021q4,faers_modern,ASCII/DEMO21Q4.pdf,documentation,,184687
2021q4,faers_modern,ASCII/DEMO21Q4.txt,table,demo,59722017
2021q4,faers_modern,ASCII/DRUG21Q4.pdf,documentation,,314505
2021q4,faers_modern,ASCII/DRUG21Q4.txt,table,drug,174149111
2021q4,faers_modern,ASCII/INDI21Q4.pdf,documentation,,85305
2021q4,faers_modern,ASCII/INDI21Q4.txt,table,indi,57494471
2021q4,faers_modern,ASCII/OUTC21Q4.pdf,documentation,,152191
2021q4,faers_modern,ASCII/OUTC21Q4.txt,table,outc,7421499
2021q4,faers_modern,ASCII/REAC21Q4.pdf,documentation,,136280
2021q4,faers_modern,ASCII/REAC21Q4.txt,table,reac,50801676
2021q4,faers_modern,ASCII/RPSR21Q4.pdf,documentation,,142531
2021q4,faers_modern,ASCII/RPSR21Q4.txt,table,rpsr,109704
2021q4,faers_modern,ASCII/THER21Q4.pdf,documentation,,92640
2021q4,faers_modern,ASCII/THER21Q4.txt,table,ther,24320893
2021q4,faers_modern,Deleted/,directory,,0
2021q4,faers_modern,Deleted/DELETE21Q4.txt,deleted_cases,,71735
2021q4,faers_modern,FAQs.pdf,documentation,,94631
2021q4,faers_modern,Readme.pdf,documentation,,131553
2022q1,faers_modern,ASCII/,directory,,0
2022q1,faers_modern,ASCII/ASC_NTS.pdf,documentation,,317222
2022q1,faers_modern,ASCII/DEMO22Q1.pdf,documentation,,461592
2022q1,faers_modern,ASCII/DEMO22Q1.txt,table,demo,66926535
2022q1,faers_modern,ASCII/DRUG22Q1.pdf,documentation,,343772
2022q1,faers_modern,ASCII/DRUG22Q1.txt,table,drug,196673753
2022q1,faers_modern,ASCII/INDI22Q1.pdf,documentation,,135368
2022q1,faers_modern,ASCII/INDI22Q1.txt,table,indi,62689604
2022q1,faers_modern,ASCII/OUTC22Q1.pdf,documentation,,141669
2022q1,faers_modern,ASCII/OUTC22Q1.txt,table,outc,8267467
2022q1,faers_modern,ASCII/REAC22Q1.pdf,documentation,,131992
2022q1,faers_modern,ASCII/REAC22Q1.txt,table,reac,57643112
2022q1,faers_modern,ASCII/RPSR22Q1.pdf,documentation,,144663
2022q1,faers_modern,ASCII/RPSR22Q1.txt,table,rpsr,291370
2022q1,faers_modern,ASCII/THER22Q1.pdf,documentation,,140210
2022q1,faers_modern,ASCII/THER22Q1.txt,table,ther,27241781
2022q1,faers_modern,Deleted/,directory,,0
2022q1,faers_modern,Deleted/DELETE22Q1.txt,deleted_cases,,28056
2022q1,faers_modern,FAQs.pdf,documentation,,94631
2022q1,faers_modern,Readme.pdf,documentation,,131553
2022q2,faers_modern,ASCII/,directory,,0
2022q2,faers_modern,ASCII/ASC_NTS.pdf,documentation,,317222
2022q2,faers_modern,ASCII/DEMO22Q2.pdf,documentation,,313361
2022q2,faers_modern,ASCII/DEMO22Q2.txt,table,demo,62849513
2022q2,faers_modern,ASCII/DRUG22Q2.pdf,documentation,,336440
2022q2,faers_modern,ASCII/DRUG22Q2.txt,table,drug,181503321
2022q2,faers_modern,ASCII/INDI22Q2.pdf,documentation,,182647
2022q2,faers_modern,ASCII/INDI22Q2.txt,table,indi,53542151
2022q2,faers_modern,ASCII/OUTC22Q2.pdf,documentation,,146475
2022q2,faers_modern,ASCII/OUTC22Q2.txt,table,outc,7164223
2022q2,faers_modern,ASCII/REAC22Q2.pdf,documentation,,136077
2022q2,faers_modern,ASCII/REAC22Q2.txt,table,reac,54969752
2022q2,faers_modern,ASCII/RPSR22Q2.pdf,documentation,,149702
2022q2,faers_modern,ASCII/RPSR22Q2.txt,table,rpsr,309087
2022q2,faers_modern,ASCII/THER22Q2.pdf,documentation,,144000
2022q2,faers_modern,ASCII/THER22Q2.txt,table,ther,25125113
2022q2,faers_modern,Deleted/,directory,,0
2022q2,faers_modern,Deleted/DELETE22Q2.txt,deleted_cases,,50094
2022q2,faers_modern,FAQs.pdf,documentation,,94631
2022q2,faers_modern,Readme.pdf,documentation,,131553
2022q3,faers_modern,ASCII/,directory,,0
2022q3,faers_modern,ASCII/ASC_NTS.pdf,documentation,,348288
2022q3,faers_modern,ASCII/DEMO22Q3.pdf,documentation,,229739
2022q3,faers_modern,ASCII/DEMO22Q3.txt,table,demo,64040040
2022q3,faers_modern,ASCII/DRUG22Q3.pdf,documentation,,333876
2022q3,faers_modern,ASCII/DRUG22Q3.txt,table,drug,181715784
2022q3,faers_modern,ASCII/INDI22Q3.pdf,documentation,,133444
2022q3,faers_modern,ASCII/INDI22Q3.txt,table,indi,54175272
2022q3,faers_modern,ASCII/OUTC22Q3.pdf,documentation,,145972
2022q3,faers_modern,ASCII/OUTC22Q3.txt,table,outc,7614808
2022q3,faers_modern,ASCII/REAC22Q3.pdf,documentation,,144110
2022q3,faers_modern,ASCII/REAC22Q3.txt,table,reac,54572050
2022q3,faers_modern,ASCII/RPSR22Q3.pdf,documentation,,149391
2022q3,faers_modern,ASCII/RPSR22Q3.txt,table,rpsr,328324
2022q3,faers_modern,ASCII/THER22Q3.pdf,documentation,,144003
2022q3,faers_modern,ASCII/THER22Q3.txt,table,ther,26187460
2022q3,faers_modern,Deleted/,directory,,0
2022q3,faers_modern,Deleted/DELETE22Q3.txt,deleted_cases,,45140
2022q3,faers_modern,FAQs.pdf,documentation,,94631
2022q3,faers_modern,Readme.pdf,documentation,,131553
2022q4,faers_modern,ASCII/,directory,,0
2022q4,faers_modern,ASCII/ASC_NTS.pdf,documentation,,348288
2022q4,faers_modern,ASCII/DEMO22Q4.pdf,documentation,,220761
2022q4,faers_modern,ASCII/DEMO22Q4.txt,table,demo,68579826
2022q4,faers_modern,ASCII/DRUG22Q4.pdf,documentation,,331298
2022q4,faers_modern,ASCII/DRUG22Q4.txt,table,drug,203357374
2022q4,faers_modern,ASCII/INDI22Q4.pdf,documentation,,142175
2022q4,faers_modern,ASCII/INDI22Q4.txt,table,indi,62467623
2022q4,faers_modern,ASCII/OUTC22Q4.pdf,documentation,,144629
2022q4,faers_modern,ASCII/OUTC22Q4.txt,table,outc,7371244
2022q4,faers_modern,ASCII/REAC22Q4.pdf,documentation,,136076
2022q4,faers_modern,ASCII/REAC22Q4.txt,table,reac,60406816
2022q4,faers_modern,ASCII/RPSR22Q4.pdf,documentation,,147924
2022q4,faers_modern,ASCII/RPSR22Q4.txt,table,rpsr,321159
2022q4,faers_modern,ASCII/THER22Q4.pdf,documentation,,137441
2022q4,faers_modern,ASCII/THER22Q4.txt,table,ther,26687875
2022q4,faers_modern,Deleted/,directory,,0
2022q4,faers_modern,Deleted/DELETE22Q4.txt,deleted_cases,,32612
2022q4,faers_modern,FAQs.pdf,documentation,,94631
2022q4,faers_modern,Readme.pdf,documentation,,131553
2023q1,faers_modern,ASCII/,directory,,0
2023q1,faers_modern,ASCII/ASC_NTS.pdf,documentation,,348288
2023q1,faers_modern,ASCII/DEMO23Q1.pdf,documentation,,233343
2023q1,faers_modern,ASCII/DEMO23Q1.txt,table,demo,62674187
2023q1,faers_modern,ASCII/DRUG23Q1.pdf,documentation,,245977
2023q1,faers_modern,ASCII/DRUG23Q1.txt,table,drug,190802276
2023q1,faers_modern,ASCII/INDI23Q1.pdf,documentation,,141486
2023q1,faers_modern,ASCII/INDI23Q1.txt,table,indi,55846992
2023q1,faers_modern,ASCII/OUTC23Q1.pdf,documentation,,157750
2023q1,faers_modern,ASCII/OUTC23Q1.txt,table,outc,6812294
2023q1,faers_modern,ASCII/REAC23Q1.pdf,documentation,,139916
2023q1,faers_modern,ASCII/REAC23Q1.txt,table,reac,56015929
2023q1,faers_modern,ASCII/RPSR23Q1.pdf,documentation,,152978
2023q1,faers_modern,ASCII/RPSR23Q1.txt,table,rpsr,310379
2023q1,faers_modern,ASCII/THER23Q1.pdf,documentation,,143102
2023q1,faers_modern,ASCII/THER23Q1.txt,table,ther,25142115
2023q1,faers_modern,Deleted/,directory,,0
2023q1,faers_modern,Deleted/DELETE23Q1.txt,deleted_cases,,47258
2023q1,faers_modern,FAQs.pdf,documentation,,234204
2023q1,faers_modern,Readme.pdf,documentation,,131553
2023q2,faers_modern,ASCII/,directory,,0
2023q2,faers_modern,ASCII/ASC_NTS.pdf,documentation,,348288
2023q2,faers_modern,ASCII/DEMO23Q2.pdf,documentation,,234663
2023q2,faers_modern,ASCII/DEMO23Q2.txt,table,demo,60799458
2023q2,faers_modern,ASCII/DRUG23Q2.pdf,documentation,,512064
2023q2,faers_modern,ASCII/DRUG23Q2.txt,table,drug,190247364
2023q2,faers_modern,ASCII/INDI23Q2.pdf,documentation,,166747
2023q2,faers_modern,ASCII/INDI23Q2.txt,table,indi,55231210
2023q2,faers_modern,ASCII/OUTC23Q2.pdf,documentation,,135849
2023q2,faers_modern,ASCII/OUTC23Q2.txt,table,outc,6686713
2023q2,faers_modern,ASCII/REAC23Q2.pdf,documentation,,129208
2023q2,faers_modern,ASCII/REAC23Q2.txt,table,reac,55612217
2023q2,faers_modern,ASCII/RPSR23Q2.pdf,documentation,,154552
2023q2,faers_modern,ASCII/RPSR23Q2.txt,table,rpsr,319358
2023q2,faers_modern,ASCII/THER23Q2.pdf,documentation,,134094
2023q2,faers_modern,ASCII/THER23Q2.txt,table,ther,24774206
2023q2,faers_modern,Deleted/,directory,,0
2023q2,faers_modern,Deleted/DELETE23Q2.txt,deleted_cases,,50224
2023q2,faers_modern,FAQs.pdf,documentation,,234204
2023q2,faers_modern,Readme.pdf,documentation,,131553
2023q3,faers_modern,ASCII/,directory,,0
2023q3,faers_modern,ASCII/ASC_NTS.pdf,documentation,,348288
2023q3,faers_modern,ASCII/DEMO23Q3.pdf,documentation,,147900
2023q3,faers_modern,ASCII/DEMO23Q3.txt,table,demo,58702020
2023q3,faers_modern,ASCII/DRUG23Q3.pdf,documentation,,180572
2023q3,faers_modern,ASCII/DRUG23Q3.txt,table,drug,178835696
2023q3,faers_modern,ASCII/INDI23Q3.pdf,documentation,,118785
2023q3,faers_modern,ASCII/INDI23Q3.txt,table,indi,50490277
2023q3,faers_modern,ASCII/OUTC23Q3.pdf,documentation,,119392
2023q3,faers_modern,ASCII/OUTC23Q3.txt,table,outc,6770933
2023q3,faers_modern,ASCII/REAC23Q3.pdf,documentation,,121544
2023q3,faers_modern,ASCII/REAC23Q3.txt,table,reac,51520155
2023q3,faers_modern,ASCII/RPSR23Q3.pdf,documentation,,120053
2023q3,faers_modern,ASCII/RPSR23Q3.txt,table,rpsr,257676
2023q3,faers_modern,ASCII/THER23Q3.pdf,documentation,,119181
2023q3,faers_modern,ASCII/THER23Q3.txt,table,ther,21735200
2023q3,faers_modern,Deleted/,directory,,0
2023q3,faers_modern,Deleted/DELETE23Q3.txt,deleted_cases,,48880
2023q3,faers_modern,FAQs.pdf,documentation,,234204
2023q3,faers_modern,Readme.pdf,documentation,,131553
2023q4,faers_modern,ASCII/ASC_NTS.pdf,documentation,,348288
2023q4,faers_modern,ASCII/DEMO23Q4.pdf,documentation,,220888
2023q4,faers_modern,ASCII/DEMO23Q4.txt,table,demo,60509503
2023q4,faers_modern,ASCII/DRUG23Q4.pdf,documentation,,317402
2023q4,faers_modern,ASCII/DRUG23Q4.txt,table,drug,196015959
2023q4,faers_modern,ASCII/INDI23Q4.pdf,documentation,,137584
2023q4,faers_modern,ASCII/INDI23Q4.txt,table,indi,53070154
2023q4,faers_modern,ASCII/OUTC23Q4.pdf,documentation,,144763
2023q4,faers_modern,ASCII/OUTC23Q4.txt,table,outc,7222238
2023q4,faers_modern,ASCII/REAC23Q4.pdf,documentation,,136831
2023q4,faers_modern,ASCII/REAC23Q4.txt,table,reac,56431124
2023q4,faers_modern,ASCII/RPSR23Q4.pdf,documentation,,148032
2023q4,faers_modern,ASCII/RPSR23Q4.txt,table,rpsr,294539
2023q4,faers_modern,ASCII/THER23Q4.pdf,documentation,,142278
2023q4,faers_modern,ASCII/THER23Q4.txt,table,ther,23127073
2023q4,faers_modern,Deleted/DELETE23Q4.txt,deleted_cases,,26460
2023q4,faers_modern,FAQs.pdf,documentation,,216986
2023q4,faers_modern,Readme.pdf,documentation,,131553
2024q1,faers_modern,ASCII/,directory,,0
2024q1,faers_modern,ASCII/ASC_NTS.pdf,documentation,,348288
2024q1,faers_modern,ASCII/DEMO24Q1.pdf,documentation,,220486
2024q1,faers_modern,ASCII/DEMO24Q1.txt,table,demo,60171805
2024q1,faers_modern,ASCII/DRUG24Q1.pdf,documentation,,311405
2024q1,faers_modern,ASCII/DRUG24Q1.txt,table,drug,195901139
2024q1,faers_modern,ASCII/INDI24Q1.pdf,documentation,,134679
2024q1,faers_modern,ASCII/INDI24Q1.txt,table,indi,58067345
2024q1,faers_modern,ASCII/OUTC24Q1.pdf,documentation,,140205
2024q1,faers_modern,ASCII/OUTC24Q1.txt,table,outc,6500396
2024q1,faers_modern,ASCII/REAC24Q1.pdf,documentation,,134871
2024q1,faers_modern,ASCII/REAC24Q1.txt,table,reac,55978904
2024q1,faers_modern,ASCII/RPSR24Q1.pdf,documentation,,142782
2024q1,faers_modern,ASCII/RPSR24Q1.txt,table,rpsr,276489
2024q1,faers_modern,ASCII/THER24Q1.pdf,documentation,,137665
2024q1,faers_modern,ASCII/THER24Q1.txt,table,ther,21613154
2024q1,faers_modern,Deleted/,directory,,0
2024q1,faers_modern,Deleted/DELETE24Q1.txt,deleted_cases,,40768
2024q1,faers_modern,FAQs.pdf,documentation,,226060
2024q1,faers_modern,Readme.pdf,documentation,,131553
2024q2,faers_modern,ASCII/,directory,,0
2024q2,faers_modern,ASCII/ASC_NTS.pdf,documentation,,348288
2024q2,faers_modern,ASCII/DEMO24Q2.pdf,documentation,,728648
2024q2,faers_modern,ASCII/DEMO24Q2.txt,table,demo,59086409
2024q2,faers_modern,ASCII/DRUG24Q2.pdf,documentation,,868813
2024q2,faers_modern,ASCII/DRUG24Q2.txt,table,drug,192407835
2024q2,faers_modern,ASCII/INDI24Q2.pdf,documentation,,115567
2024q2,faers_modern,ASCII/INDI24Q2.txt,table,indi,56975080
2024q2,faers_modern,ASCII/OUTC24Q2.pdf,documentation,,182888
2024q2,faers_modern,ASCII/OUTC24Q2.txt,table,outc,6423328
2024q2,faers_modern,ASCII/REAC24Q2.pdf,documentation,,172875
2024q2,faers_modern,ASCII/REAC24Q2.txt,table,reac,54647029
2024q2,faers_modern,ASCII/RPSR24Q2.pdf,documentation,,186531
2024q2,faers_modern,ASCII/RPSR24Q2.txt,table,rpsr,257023
2024q2,faers_modern,ASCII/THER24Q2.pdf,documentation,,186634
2024q2,faers_modern,ASCII/THER24Q2.txt,table,ther,19519547
2024q2,faers_modern,Deleted/,directory,,0
2024q2,faers_modern,Deleted/DELETE24Q2.txt,deleted_cases,,48674
2024q2,faers_modern,FAQs.pdf,documentation,,259183
2024q2,faers_modern,Readme.pdf,documentation,,131553
2024q3,faers_modern,ASCII/,directory,,0
2024q3,faers_modern,ASCII/ASC_NTS.pdf,documentation,,348288
2024q3,faers_modern,ASCII/DEMO24Q3.pdf,documentation,,520196
2024q3,faers_modern,ASCII/DEMO24Q3.txt,table,demo,61185356
2024q3,faers_modern,ASCII/DRUG24Q3.pdf,documentation,,513188
2024q3,faers_modern,ASCII/DRUG24Q3.txt,table,drug,195345042
2024q3,faers_modern,ASCII/INDI24Q3.pdf,documentation,,185419
2024q3,faers_modern,ASCII/INDI24Q3.txt,table,indi,57296970
2024q3,faers_modern,ASCII/OUTC24Q3.pdf,documentation,,196449
2024q3,faers_modern,ASCII/OUTC24Q3.txt,table,outc,6638831
2024q3,faers_modern,ASCII/REAC24Q3.pdf,documentation,,173413
2024q3,faers_modern,ASCII/REAC24Q3.txt,table,reac,55644922
2024q3,faers_modern,ASCII/RPSR24Q3.pdf,documentation,,187846
2024q3,faers_modern,ASCII/RPSR24Q3.txt,table,rpsr,235979
2024q3,faers_modern,ASCII/THER24Q3.pdf,documentation,,187934
2024q3,faers_modern,ASCII/THER24Q3.txt,table,ther,19822919
2024q3,faers_modern,Deleted/,directory,,0
2024q3,faers_modern,Deleted/DELETE24Q3.txt,deleted_cases,,44720
2024q3,faers_modern,FAQs.pdf,documentation,,265323
2024q3,faers_modern,Readme.pdf,documentation,,131553
2024q4,faers_modern,ASCII/,directory,,0
2024q4,faers_modern,ASCII/ASC_NTS.pdf,documentation,,341968
2024q4,faers_modern,ASCII/DEMO24Q4.pdf,documentation,,147707
2024q4,faers_modern,ASCII/DEMO24Q4.txt,table,demo,62722869
2024q4,faers_modern,ASCII/DRUG24Q4.pdf,documentation,,228219
2024q4,faers_modern,ASCII/DRUG24Q4.txt,table,drug,204514132
2024q4,faers_modern,ASCII/INDI24Q4.pdf,documentation,,118124
2024q4,faers_modern,ASCII/INDI24Q4.txt,table,indi,57916319
2024q4,faers_modern,ASCII/OUTC24Q4.pdf,documentation,,119151
2024q4,faers_modern,ASCII/OUTC24Q4.txt,table,outc,6806393
2024q4,faers_modern,ASCII/REAC24Q4.pdf,documentation,,117115
2024q4,faers_modern,ASCII/REAC24Q4.txt,table,reac,55699569
2024q4,faers_modern,ASCII/RPSR24Q4.pdf,documentation,,120129
2024q4,faers_modern,ASCII/RPSR24Q4.txt,table,rpsr,259776
2024q4,faers_modern,ASCII/THER24Q4.pdf,documentation,,118492
2024q4,faers_modern,ASCII/THER24Q4.txt,table,ther,20341781
2024q4,faers_modern,Deleted/,directory,,0
2024q4,faers_modern,Deleted/DELETE24Q4.txt,deleted_cases,,41947
2024q4,faers_modern,FAQs.pdf,documentation,,265323
2024q4,faers_modern,Readme.pdf,documentation,,131553
2025q1,faers_modern,ASCII/,directory,,0
2025q1,faers_modern,ASCII/ASC_NTS.pdf,documentation,,341968
2025q1,faers_modern,ASCII/DEMO25Q1.pdf,documentation,,218294
2025q1,faers_modern,ASCII/DEMO25Q1.txt,table,demo,61709185
2025q1,faers_modern,ASCII/DRUG25Q1.pdf,documentation,,229840
2025q1,faers_modern,ASCII/DRUG25Q1.txt,table,drug,202811856
2025q1,faers_modern,ASCII/INDI25Q1.pdf,documentation,,140458
2025q1,faers_modern,ASCII/INDI25Q1.txt,table,indi,57743246
2025q1,faers_modern,ASCII/OUTC25Q1.pdf,documentation,,139953
2025q1,faers_modern,ASCII/OUTC25Q1.txt,table,outc,6697990
2025q1,faers_modern,ASCII/REAC25Q1.pdf,documentation,,131022
2025q1,faers_modern,ASCII/REAC25Q1.txt,table,reac,54148218
2025q1,faers_modern,ASCII/RPSR25Q1.pdf,documentation,,142474
2025q1,faers_modern,ASCII/RPSR25Q1.txt,table,rpsr,247367
2025q1,faers_modern,ASCII/THER25Q1.pdf,documentation,,159932
2025q1,faers_modern,ASCII/THER25Q1.txt,table,ther,18868704
2025q1,faers_modern,Deleted/,directory,,0
2025q1,faers_modern,Deleted/DELETE25Q1.txt,deleted_cases,,51579
2025q1,faers_modern,FAQs.pdf,documentation,,265323
2025q1,faers_modern,Readme.pdf,documentation,,131553
2025q2,faers_modern,ASCII/,directory,,0
2025q2,faers_modern,ASCII/ASC_NTS.pdf,documentation,,341968
2025q2,faers_modern,ASCII/DEMO25Q2.pdf,documentation,,181142
2025q2,faers_modern,ASCII/DEMO25Q2.txt,table,demo,60642139
2025q2,faers_modern,ASCII/DRUG25Q2.pdf,documentation,,381988
2025q2,faers_modern,ASCII/DRUG25Q2.txt,table,drug,185067205
2025q2,faers_modern,ASCII/INDI25Q2.pdf,documentation,,103864
2025q2,faers_modern,ASCII/INDI25Q2.txt,table,indi,54219100
2025q2,faers_modern,ASCII/OUTC25Q2.pdf,documentation,,105435
2025q2,faers_modern,ASCII/OUTC25Q2.txt,table,outc,6511033
2025q2,faers_modern,ASCII/REAC25Q2.pdf,documentation,,99411
2025q2,faers_modern,ASCII/REAC25Q2.txt,table,reac,50822957
2025q2,faers_modern,ASCII/RPSR25Q2.pdf,documentation,,108301
2025q2,faers_modern,ASCII/RPSR25Q2.txt,table,rpsr,250327
2025q2,faers_modern,ASCII/THER25Q2.pdf,documentation,,102556
2025q2,faers_modern,ASCII/THER25Q2.txt,table,ther,18789146
2025q2,faers_modern,Deleted/,directory,,0
2025q2,faers_modern,Deleted/DELETE25Q2.txt,deleted_cases,,57333
2025q2,faers_modern,FAQs.pdf,documentation,,270721
2025q2,faers_modern,Readme.pdf,documentation,,131553
2025q3,faers_modern,Readme.pdf,documentation,,131553
2025q3,faers_modern,ASCII/,directory,,0
2025q3,faers_modern,ASCII/DEMO25Q3.pdf,documentation,,115966
2025q3,faers_modern,ASCII/DRUG25Q3.txt,table,drug,213874965
2025q3,faers_modern,ASCII/OUTC25Q3.pdf,documentation,,104003
2025q3,faers_modern,ASCII/ASC_NTS.pdf,documentation,,341968
2025q3,faers_modern,ASCII/INDI25Q3.txt,table,indi,62661865
2025q3,faers_modern,ASCII/REAC25Q3.pdf,documentation,,97206
2025q3,faers_modern,ASCII/RPSR25Q3.pdf,documentation,,108326
2025q3,faers_modern,ASCII/INDI25Q3.pdf,documentation,,104534
2025q3,faers_modern,ASCII/DRUG25Q3.pdf,documentation,,379076
2025q3,faers_modern,ASCII/REAC25Q3.txt,table,reac,58038057
2025q3,faers_modern,ASCII/RPSR25Q3.txt,table,rpsr,251375
2025q3,faers_modern,ASCII/DEMO25Q3.txt,table,demo,67869394
2025q3,faers_modern,ASCII/OUTC25Q3.txt,table,outc,7559153
2025q3,faers_modern,ASCII/THER25Q3.txt,table,ther,18718859
2025q3,faers_modern,ASCII/THER25Q3.pdf,documentation,,101708
2025q3,faers_modern,Deleted/,directory,,0
2025q3,faers_modern,Deleted/DELETE25Q3.txt,deleted_cases,,44516
2025q3,faers_modern,FAQs.pdf,documentation,,270721
2025q4,faers_modern,Readme.pdf,documentation,,131553
2025q4,faers_modern,ASCII/,directory,,0
2025q4,faers_modern,ASCII/THER25Q4.txt,table,ther,16657037
2025q4,faers_modern,ASCII/REAC25Q4.txt,table,reac,51214752
2025q4,faers_modern,ASCII/REAC25Q4.pdf,documentation,,95282
2025q4,faers_modern,ASCII/ASC_NTS.pdf,documentation,,341968
2025q4,faers_modern,ASCII/INDI25Q4.txt,table,indi,55992546
2025q4,faers_modern,ASCII/RPSR25Q4.txt,table,rpsr,242471
2025q4,faers_modern,ASCII/OUTC25Q4.txt,table,outc,6381632
2025q4,faers_modern,ASCII/INDI25Q4.pdf,documentation,,104207
2025q4,faers_modern,ASCII/OUTC25Q4.pdf,documentation,,105796
2025q4,faers_modern,ASCII/DEMO25Q4.pdf,documentation,,162929
2025q4,faers_modern,ASCII/RPSR25Q4.pdf,documentation,,109591
2025q4,faers_modern,ASCII/THER25Q4.pdf,documentation,,102632
2025q4,faers_modern,ASCII/DEMO25Q4.txt,table,demo,58610237
2025q4,faers_modern,ASCII/DRUG25Q4.txt,table,drug,181992344
2025q4,faers_modern,ASCII/DRUG25Q4.pdf,documentation,,438997
2025q4,faers_modern,Deleted/,directory,,0
2025q4,faers_modern,Deleted/DELETE25Q4.txt,deleted_cases,,40472
2025q4,faers_modern,FAQs.pdf,documentation,,270721
2026q1,faers_modern,FAQs.pdf,documentation,,270721
2026q1,faers_modern,Readme.pdf,documentation,,131553
2026q1,faers_modern,ASCII/,directory,,0
2026q1,faers_modern,ASCII/DEMO26Q1.pdf,documentation,,227736
2026q1,faers_modern,ASCII/ASC_NTS.pdf,documentation,,341968
2026q1,faers_modern,ASCII/DEMO26Q1.txt,table,demo,58886589
2026q1,faers_modern,ASCII/INDI26Q1.txt,table,indi,54681897
2026q1,faers_modern,ASCII/DRUG26Q1.txt,table,drug,165197138
2026q1,faers_modern,ASCII/THER26Q1.txt,table,ther,14931147
2026q1,faers_modern,ASCII/Thumbs.db,other,,11776
2026q1,faers_modern,ASCII/RPSR26Q1.pdf,documentation,,129238
2026q1,faers_modern,ASCII/DRUG26Q1.pdf,documentation,,672697
2026q1,faers_modern,ASCII/THER26Q1.pdf,documentation,,121991
2026q1,faers_modern,ASCII/RPSR26Q1.txt,table,rpsr,258786
2026q1,faers_modern,ASCII/OUTC26Q1.txt,table,outc,6420541
2026q1,faers_modern,ASCII/OUTC26Q1.pdf,documentation,,125486
2026q1,faers_modern,ASCII/REAC26Q1.pdf,documentation,,106722
2026q1,faers_modern,ASCII/INDI26Q1.pdf,documentation,,117997
2026q1,faers_modern,ASCII/REAC26Q1.txt,table,reac,50295349
2026q1,faers_modern,Deleted/,directory,,0
2026q1,faers_modern,Deleted/DELETE26Q1.txt,deleted_cases,,55210
2026q2,faers_modern,FAQs.pdf,documentation,,270721
2026q2,faers_modern,Readme.pdf,documentation,,131553
2026q2,faers_modern,ASCII/,directory,,0
2026q2,faers_modern,ASCII/DEMO26Q2.txt,table,demo,58592946
2026q2,faers_modern,ASCII/DEMO26Q2.pdf,documentation,,195023
2026q2,faers_modern,ASCII/ASC_NTS.pdf,documentation,,341968
2026q2,faers_modern,ASCII/RPSR26Q2.pdf,documentation,,109241
2026q2,faers_modern,ASCII/THER26Q2.pdf,documentation,,102464
2026q2,faers_modern,ASCII/THER26Q2.txt,table,ther,12279656
2026q2,faers_modern,ASCII/OUTC26Q2.txt,table,outc,6686170
2026q2,faers_modern,ASCII/DRUG26Q2.txt,table,drug,151093015
2026q2,faers_modern,ASCII/RPSR26Q2.txt,table,rpsr,256296
2026q2,faers_modern,ASCII/OUTC26Q2.pdf,documentation,,118250
2026q2,faers_modern,ASCII/DRUG26Q2.pdf,documentation,,1275521
2026q2,faers_modern,ASCII/REAC26Q2.txt,table,reac,52649458
2026q2,faers_modern,ASCII/REAC26Q2.pdf,documentation,,93573
2026q2,faers_modern,ASCII/INDI26Q2.txt,table,indi,53387579
2026q2,faers_modern,ASCII/INDI26Q2.pdf,documentation,,103268
2026q2,faers_modern,Deleted/,directory,,0
2026q2,faers_modern,Deleted/DELETE26Q2.txt,deleted_cases,,37951
