quarter,era,table,member,n_columns,columns,uncompressed_bytes
2004q1,laers,demo,ascii/DEMO04Q1.TXT,22,isr;case;i_f_cod;foll_seq;image;event_dt;mfr_dt;fda_dt;rept_cod;mfr_num;mfr_sndr;age;age_cod;gndr_cod;e_sub;wt;wt_cod;rept_dt;occp_cod;death_dt;to_mfr;confid,8201852
2004q1,laers,drug,ascii/DRUG04Q1.TXT,12,isr;drug_seq;role_cod;drugname;val_vbm;route;dose_vbm;dechal;rechal;lot_num;exp_dt;nda_num,12830781
2004q1,laers,indi,ascii/INDI04Q1.TXT,3,isr;drug_seq;indi_pt,3000273
2004q1,laers,outc,ascii/OUTC04Q1.TXT,2,isr;outc_cod,748710
2004q1,laers,reac,ascii/REAC04Q1.TXT,2,isr;pt,7168635
2004q1,laers,rpsr,ascii/RPSR04Q1.TXT,2,isr;rpsr_cod,1062507
2004q1,laers,stat,ascii/STAT04Q1.TXT,1,,11593
2004q1,laers,ther,ascii/THER04Q1.TXT,6,isr;drug_seq;start_dt;end_dt;dur;dur_cod,3162391
2004q2,laers,demo,ascii/DEMO04Q2.TXT,22,isr;case;i_f_cod;foll_seq;image;event_dt;mfr_dt;fda_dt;rept_cod;mfr_num;mfr_sndr;age;age_cod;gndr_cod;e_sub;wt;wt_cod;rept_dt;occp_cod;death_dt;to_mfr;confid,7401827
2004q2,laers,drug,ascii/DRUG04Q2.TXT,12,isr;drug_seq;role_cod;drugname;val_vbm;route;dose_vbm;dechal;rechal;lot_num;exp_dt;nda_num,12850228
2004q2,laers,indi,ascii/INDI04Q2.TXT,3,isr;drug_seq;indi_pt,3026663
2004q2,laers,outc,ascii/OUTC04Q2.TXT,2,isr;outc_cod,808835
2004q2,laers,reac,ascii/REAC04Q2.TXT,2,isr;pt,6975162
2004q2,laers,rpsr,ascii/RPSR04Q2.TXT,2,isr;rpsr_cod,1075055
2004q2,laers,stat,ascii/STAT04Q2.TXT,1,,11770
2004q2,laers,ther,ascii/THER04Q2.TXT,6,isr;drug_seq;start_dt;end_dt;dur;dur_cod,3062870
2004q3,laers,demo,ascii/DEMO04Q3.TXT,22,isr;case;i_f_cod;foll_seq;image;event_dt;mfr_dt;fda_dt;rept_cod;mfr_num;mfr_sndr;age;age_cod;gndr_cod;e_sub;wt;wt_cod;rept_dt;occp_cod;death_dt;to_mfr;confid,9286180
2004q3,laers,drug,ascii/DRUG04Q3.TXT,12,isr;drug_seq;role_cod;drugname;val_vbm;route;dose_vbm;dechal;rechal;lot_num;exp_dt;nda_num,14782255
2004q3,laers,indi,ascii/INDI04Q3.TXT,3,isr;drug_seq;indi_pt,3677164
2004q3,laers,outc,ascii/OUTC04Q3.TXT,2,isr;outc_cod,869298
2004q3,laers,reac,ascii/REAC04Q3.TXT,2,isr;pt,7897198
2004q3,laers,rpsr,ascii/RPSR04Q3.TXT,2,isr;rpsr_cod,1192744
2004q3,laers,stat,ascii/STAT04Q3.TXT,1,,11770
2004q3,laers,ther,ascii/THER04Q3.TXT,6,isr;drug_seq;start_dt;end_dt;dur;dur_cod,3527404
2004q4,laers,demo,ascii/DEMO04Q4.TXT,22,isr;case;i_f_cod;foll_seq;image;event_dt;mfr_dt;fda_dt;rept_cod;mfr_num;mfr_sndr;age;age_cod;gndr_cod;e_sub;wt;wt_cod;rept_dt;occp_cod;death_dt;to_mfr;confid,8712746
2004q4,laers,drug,ascii/DRUG04Q4.TXT,12,isr;drug_seq;role_cod;drugname;val_vbm;route;dose_vbm;dechal;rechal;lot_num;exp_dt;nda_num,14999740
2004q4,laers,indi,ascii/INDI04Q4.TXT,3,isr;drug_seq;indi_pt,3745869
2004q4,laers,outc,ascii/OUTC04Q4.TXT,2,isr;outc_cod,962534
2004q4,laers,reac,ascii/REAC04Q4.TXT,2,isr;pt,8001096
2004q4,laers,rpsr,ascii/RPSR04Q4.TXT,2,isr;rpsr_cod,991882
2004q4,laers,stat,ascii/STAT04Q4.TXT,1,,11298
2004q4,laers,ther,ascii/THER04Q4.TXT,6,isr;drug_seq;start_dt;end_dt;dur;dur_cod,3532615
2005q1,laers,demo,ascii/DEMO05Q1.TXT,22,isr;case;i_f_cod;foll_seq;image;event_dt;mfr_dt;fda_dt;rept_cod;mfr_num;mfr_sndr;age;age_cod;gndr_cod;e_sub;wt;wt_cod;rept_dt;occp_cod;death_dt;to_mfr;confid,9263697
2005q1,laers,drug,ascii/DRUG05Q1.TXT,12,isr;drug_seq;role_cod;drugname;val_vbm;route;dose_vbm;dechal;rechal;lot_num;exp_dt;nda_num,15040320
2005q1,laers,indi,ascii/INDI05Q1.TXT,3,isr;drug_seq;indi_pt,4150255
2005q1,laers,outc,ascii/OUTC05Q1.TXT,2,isr;outc_cod,1003523
2005q1,laers,reac,ascii/REAC05Q1.TXT,2,isr;pt,8549404
2005q1,laers,rpsr,ascii/RPSR05Q1.TXT,2,isr;rpsr_cod,941718
2005q1,laers,stat,ascii/STAT05Q1.TXT,1,,11711
2005q1,laers,ther,ascii/THER05Q1.TXT,6,isr;drug_seq;start_dt;end_dt;dur;dur_cod,3737954
2005q2,laers,demo,ascii/DEMO05Q2.TXT,22,isr;case;i_f_cod;foll_seq;image;event_dt;mfr_dt;fda_dt;rept_cod;mfr_num;mfr_sndr;age;age_cod;gndr_cod;e_sub;wt;wt_cod;rept_dt;occp_cod;death_dt;to_mfr;confid,9827500
2005q2,laers,drug,ascii/DRUG05Q2.TXT,12,isr;drug_seq;role_cod;drugname;val_vbm;route;dose_vbm;dechal;rechal;lot_num;exp_dt;nda_num,17477377
2005q2,laers,indi,ascii/INDI05Q2.TXT,3,isr;drug_seq;indi_pt,4766959
2005q2,laers,outc,ascii/OUTC05Q2.TXT,2,isr;outc_cod,1051272
2005q2,laers,reac,ascii/REAC05Q2.TXT,2,isr;pt,9178937
2005q2,laers,rpsr,ascii/RPSR05Q2.TXT,2,isr;rpsr_cod,1115798
2005q2,laers,stat,ascii/STAT05Q2.TXT,1,,11711
2005q2,laers,ther,ascii/THER05Q2.TXT,6,isr;drug_seq;start_dt;end_dt;dur;dur_cod,4260325
2005q3,laers,demo,ascii/DEMO05Q3.TXT,23,isr;case;i_f_cod;foll_seq;image;event_dt;mfr_dt;fda_dt;rept_cod;mfr_num;mfr_sndr;age;age_cod;gndr_cod;e_sub;wt;wt_cod;rept_dt;occp_cod;death_dt;to_mfr;confid;reporter_country,11047268
2005q3,laers,drug,ascii/DRUG05Q3.TXT,12,isr;drug_seq;role_cod;drugname;val_vbm;route;dose_vbm;dechal;rechal;lot_num;exp_dt;nda_num,16610960
2005q3,laers,indi,ascii/INDI05Q3.TXT,3,isr;drug_seq;indi_pt,4552150
2005q3,laers,outc,ascii/OUTC05Q3.TXT,2,isr;outc_cod,1089726
2005q3,laers,reac,ascii/REAC05Q3.TXT,2,isr;pt,9130476
2005q3,laers,rpsr,ascii/RPSR05Q3.TXT,2,isr;rpsr_cod,1012456
2005q3,laers,stat,ascii/STAT05Q3.TXT,1,,11767
2005q3,laers,ther,ascii/THER05Q3.TXT,6,isr;drug_seq;start_dt;end_dt;dur;dur_cod,4431588
2005q4,laers,demo,ascii/DEMO05Q4.TXT,23,isr;case;i_f_cod;foll_seq;image;event_dt;mfr_dt;fda_dt;rept_cod;mfr_num;mfr_sndr;age;age_cod;gndr_cod;e_sub;wt;wt_cod;rept_dt;occp_cod;death_dt;to_mfr;confid;reporter_country,12081958
2005q4,laers,drug,ascii/DRUG05Q4.TXT,12,isr;drug_seq;role_cod;drugname;val_vbm;route;dose_vbm;dechal;rechal;lot_num;exp_dt;nda_num,17417440
2005q4,laers,indi,ascii/INDI05Q4.TXT,3,isr;drug_seq;indi_pt,4428617
2005q4,laers,outc,ascii/OUTC05Q4.TXT,2,isr;outc_cod,1164554
2005q4,laers,reac,ascii/REAC05Q4.TXT,2,isr;pt,9849631
2005q4,laers,rpsr,ascii/RPSR05Q4.TXT,2,isr;rpsr_cod,1013578
2005q4,laers,stat,ascii/STAT05Q4.TXT,1,,11885
2005q4,laers,ther,ascii/THER05Q4.TXT,6,isr;drug_seq;start_dt;end_dt;dur;dur_cod,4288466
2006q1,laers,demo,ascii/DEMO06Q1.TXT,23,isr;case;i_f_cod;foll_seq;image;event_dt;mfr_dt;fda_dt;rept_cod;mfr_num;mfr_sndr;age;age_cod;gndr_cod;e_sub;wt;wt_cod;rept_dt;occp_cod;death_dt;to_mfr;confid;reporter_country,12312845
2006q1,laers,drug,ascii/DRUG06Q1.TXT,12,isr;drug_seq;role_cod;drugname;val_vbm;route;dose_vbm;dechal;rechal;lot_num;exp_dt;nda_num,18054723
2006q1,laers,indi,ascii/INDI06Q1.TXT,3,isr;drug_seq;indi_pt,5069335
2006q1,laers,outc,ascii/OUTC06Q1.TXT,2,isr;outc_cod,1254709
2006q1,laers,reac,ascii/REAC06Q1.TXT,2,isr;pt,11163357
2006q1,laers,rpsr,ascii/RPSR06Q1.TXT,2,isr;rpsr_cod,937899
2006q1,laers,stat,ascii/STAT06Q1.TXT,1,,11826
2006q1,laers,ther,ascii/THER06Q1.TXT,6,isr;drug_seq;start_dt;end_dt;dur;dur_cod,4956274
2006q2,laers,demo,ascii/DEMO06Q2.TXT,23,isr;case;i_f_cod;foll_seq;image;event_dt;mfr_dt;fda_dt;rept_cod;mfr_num;mfr_sndr;age;age_cod;gndr_cod;e_sub;wt;wt_cod;rept_dt;occp_cod;death_dt;to_mfr;confid;reporter_country,10835590
2006q2,laers,drug,ascii/DRUG06Q2.TXT,12,isr;drug_seq;role_cod;drugname;val_vbm;route;dose_vbm;dechal;rechal;lot_num;exp_dt;nda_num,16793469
2006q2,laers,indi,ascii/INDI06Q2.TXT,3,isr;drug_seq;indi_pt,4740599
2006q2,laers,outc,ascii/OUTC06Q2.TXT,2,isr;outc_cod,1136201
2006q2,laers,reac,ascii/REAC06Q2.TXT,2,isr;pt,10645361
2006q2,laers,rpsr,ascii/RPSR06Q2.TXT,2,isr;rpsr_cod,972583
2006q2,laers,stat,ascii/STAT06Q2.TXT,1,,11944
2006q2,laers,ther,ascii/THER06Q2.TXT,6,isr;drug_seq;start_dt;end_dt;dur;dur_cod,4582340
2006q3,laers,demo,ascii/DEMO06Q3.TXT,23,isr;case;i_f_cod;foll_seq;image;event_dt;mfr_dt;fda_dt;rept_cod;mfr_num;mfr_sndr;age;age_cod;gndr_cod;e_sub;wt;wt_cod;rept_dt;occp_cod;death_dt;to_mfr;confid;reporter_country,9669471
2006q3,laers,drug,ascii/DRUG06Q3.TXT,12,isr;drug_seq;role_cod;drugname;val_vbm;route;dose_vbm;dechal;rechal;lot_num;exp_dt;nda_num,14922006
2006q3,laers,indi,ascii/INDI06Q3.TXT,3,isr;drug_seq;indi_pt,4483678
2006q3,laers,outc,ascii/OUTC06Q3.TXT,2,isr;outc_cod,932257
2006q3,laers,reac,ascii/REAC06Q3.TXT,2,isr;pt,7804746
2006q3,laers,rpsr,ascii/RPSR06Q3.TXT,2,isr;rpsr_cod,913672
2006q3,laers,stat,ascii/STAT06Q3.TXT,1,,11649
2006q3,laers,ther,ascii/THER06Q3.TXT,6,isr;drug_seq;start_dt;end_dt;dur;dur_cod,3899287
2006q4,laers,demo,ascii/DEMO06Q4.TXT,23,isr;case;i_f_cod;foll_seq;image;event_dt;mfr_dt;fda_dt;rept_cod;mfr_num;mfr_sndr;age;age_cod;gndr_cod;e_sub;wt;wt_cod;rept_dt;occp_cod;death_dt;to_mfr;confid;reporter_country,11173894
2006q4,laers,drug,ascii/DRUG06Q4.TXT,12,isr;drug_seq;role_cod;drugname;val_vbm;route;dose_vbm;dechal;rechal;lot_num;exp_dt;nda_num,16115935
2006q4,laers,indi,ascii/INDI06Q4.TXT,3,isr;drug_seq;indi_pt,4807354
2006q4,laers,outc,ascii/OUTC06Q4.TXT,2,isr;outc_cod,1005187
2006q4,laers,reac,ascii/REAC06Q4.TXT,2,isr;pt,8364779
2006q4,laers,rpsr,ascii/RPSR06Q4.TXT,2,isr;rpsr_cod,848988
2006q4,laers,stat,ascii/STAT06Q4.TXT,1,,11708
2006q4,laers,ther,ascii/THER06Q4.TXT,6,isr;drug_seq;start_dt;end_dt;dur;dur_cod,4335073
2007q1,laers,demo,ascii/DEMO07Q1.TXT,23,isr;case;i_f_cod;foll_seq;image;event_dt;mfr_dt;fda_dt;rept_cod;mfr_num;mfr_sndr;age;age_cod;gndr_cod;e_sub;wt;wt_cod;rept_dt;occp_cod;death_dt;to_mfr;confid;reporter_country,12195755
2007q1,laers,drug,ascii/DRUG07Q1.TXT,12,isr;drug_seq;role_cod;drugname;val_vbm;route;dose_vbm;dechal;rechal;lot_num;exp_dt;nda_num,17490819
2007q1,laers,indi,ascii/INDI07Q1.TXT,3,isr;drug_seq;indi_pt,5307004
2007q1,laers,outc,ascii/OUTC07Q1.TXT,2,isr;outc_cod,1124176
2007q1,laers,reac,ascii/REAC07Q1.TXT,2,isr;pt,8094531
2007q1,laers,rpsr,ascii/RPSR07Q1.TXT,2,isr;rpsr_cod,802880
2007q1,laers,stat,ascii/STAT07Q1.TXT,1,,11590
2007q1,laers,ther,ascii/THER07Q1.TXT,6,isr;drug_seq;start_dt;end_dt;dur;dur_cod,4552517
2007q2,laers,demo,ascii/DEMO07Q2.TXT,23,isr;case;i_f_cod;foll_seq;image;event_dt;mfr_dt;fda_dt;rept_cod;mfr_num;mfr_sndr;age;age_cod;gndr_cod;e_sub;wt;wt_cod;rept_dt;occp_cod;death_dt;to_mfr;confid;reporter_country,11358051
2007q2,laers,drug,ascii/DRUG07Q2.TXT,12,isr;drug_seq;role_cod;drugname;val_vbm;route;dose_vbm;dechal;rechal;lot_num;exp_dt;nda_num,17087974
2007q2,laers,indi,ascii/INDI07Q2.TXT,3,isr;drug_seq;indi_pt,5493449
2007q2,laers,outc,ascii/OUTC07Q2.TXT,2,isr;outc_cod,1124943
2007q2,laers,reac,ascii/REAC07Q2.TXT,2,isr;pt,8030849
2007q2,laers,rpsr,ascii/RPSR07Q2.TXT,2,isr;rpsr_cod,682003
2007q2,laers,stat,ascii/STAT07Q2.TXT,1,,11708
2007q2,laers,ther,ascii/THER07Q2.TXT,6,isr;drug_seq;start_dt;end_dt;dur;dur_cod,4627498
2007q3,laers,demo,ascii/DEMO07Q3.TXT,23,isr;case;i_f_cod;foll_seq;image;event_dt;mfr_dt;fda_dt;rept_cod;mfr_num;mfr_sndr;age;age_cod;gndr_cod;e_sub;wt;wt_cod;rept_dt;occp_cod;death_dt;to_mfr;confid;reporter_country,12898437
2007q3,laers,drug,ascii/DRUG07Q3.TXT,12,isr;drug_seq;role_cod;drugname;val_vbm;route;dose_vbm;dechal;rechal;lot_num;exp_dt;nda_num,17987128
2007q3,laers,indi,ascii/INDI07Q3.TXT,3,isr;drug_seq;indi_pt,5653381
2007q3,laers,outc,ascii/OUTC07Q3.TXT,2,isr;outc_cod,1156546
2007q3,laers,reac,ascii/REAC07Q3.TXT,2,isr;pt,8469463
2007q3,laers,rpsr,ascii/RPSR07Q3.TXT,2,isr;rpsr_cod,649155
2007q3,laers,stat,ascii/STAT07Q3.TXT,1,,11767
2007q3,laers,ther,ascii/THER07Q3.TXT,6,isr;drug_seq;start_dt;end_dt;dur;dur_cod,4826112
2007q4,laers,demo,ascii/DEMO07Q4.TXT,23,isr;case;i_f_cod;foll_seq;image;event_dt;mfr_dt;fda_dt;rept_cod;mfr_num;mfr_sndr;age;age_cod;gndr_cod;e_sub;wt;wt_cod;rept_dt;occp_cod;death_dt;to_mfr;confid;reporter_country,14910011
2007q4,laers,drug,ascii/DRUG07Q4.TXT,12,isr;drug_seq;role_cod;drugname;val_vbm;route;dose_vbm;dechal;rechal;lot_num;exp_dt;nda_num,20636658
2007q4,laers,indi,ascii/INDI07Q4.TXT,3,isr;drug_seq;indi_pt,6884882
2007q4,laers,outc,ascii/OUTC07Q4.TXT,2,isr;outc_cod,1189995
2007q4,laers,reac,ascii/REAC07Q4.TXT,2,isr;pt,9831111
2007q4,laers,rpsr,ascii/RPSR07Q4.TXT,2,isr;rpsr_cod,653758
2007q4,laers,stat,ascii/STAT07Q4.TXT,1,,11885
2007q4,laers,ther,ascii/THER07Q4.TXT,6,isr;drug_seq;start_dt;end_dt;dur;dur_cod,5699793
2008q1,laers,demo,ascii/DEMO08Q1.TXT,23,isr;case;i_f_cod;foll_seq;image;event_dt;mfr_dt;fda_dt;rept_cod;mfr_num;mfr_sndr;age;age_cod;gndr_cod;e_sub;wt;wt_cod;rept_dt;occp_cod;death_dt;to_mfr;confid;reporter_country,14503933
2008q1,laers,drug,ascii/DRUG08Q1.TXT,12,isr;drug_seq;role_cod;drugname;val_vbm;route;dose_vbm;dechal;rechal;lot_num;exp_dt;nda_num,20618218
2008q1,laers,indi,ascii/INDI08Q1.TXT,3,isr;drug_seq;indi_pt,7190879
2008q1,laers,outc,ascii/OUTC08Q1.TXT,2,isr;outc_cod,1258895
2008q1,laers,reac,ascii/REAC08Q1.TXT,2,isr;pt,9849178
2008q1,laers,rpsr,ascii/RPSR08Q1.TXT,2,isr;rpsr_cod,643444
2008q1,laers,stat,ascii/STAT08Q1.TXT,1,,11885
2008q1,laers,ther,ascii/THER08Q1.TXT,6,isr;drug_seq;start_dt;end_dt;dur;dur_cod,5667957
2008q2,laers,demo,ascii/DEMO08Q2.TXT,23,isr;case;i_f_cod;foll_seq;image;event_dt;mfr_dt;fda_dt;rept_cod;mfr_num;mfr_sndr;age;age_cod;gndr_cod;e_sub;wt;wt_cod;rept_dt;occp_cod;death_dt;to_mfr;confid;reporter_country,14685587
2008q2,laers,drug,ascii/DRUG08Q2.TXT,12,isr;drug_seq;role_cod;drugname;val_vbm;route;dose_vbm;dechal;rechal;lot_num;exp_dt;nda_num,21347228
2008q2,laers,indi,ascii/INDI08Q2.TXT,3,isr;drug_seq;indi_pt,7330821
2008q2,laers,outc,ascii/OUTC08Q2.TXT,2,isr;outc_cod,1308633
2008q2,laers,reac,ascii/REAC08Q2.TXT,2,isr;pt,10814998
2008q2,laers,rpsr,ascii/RPSR08Q2.TXT,2,isr;rpsr_cod,590993
2008q2,laers,stat,ascii/STAT08Q2.TXT,1,,11708
2008q2,laers,ther,ascii/THER08Q2.TXT,6,isr;drug_seq;start_dt;end_dt;dur;dur_cod,5851363
2008q3,laers,demo,ascii/DEMO08Q3.TXT,23,isr;case;i_f_cod;foll_seq;image;event_dt;mfr_dt;fda_dt;rept_cod;mfr_num;mfr_sndr;age;age_cod;gndr_cod;e_sub;wt;wt_cod;rept_dt;occp_cod;death_dt;to_mfr;confid;reporter_country,14947262
2008q3,laers,drug,ascii/DRUG08Q3.TXT,12,isr;drug_seq;role_cod;drugname;val_vbm;route;dose_vbm;dechal;rechal;lot_num;exp_dt;nda_num,22286399
2008q3,laers,indi,ascii/INDI08Q3.TXT,3,isr;drug_seq;indi_pt,8054735
2008q3,laers,outc,ascii/OUTC08Q3.TXT,2,isr;outc_cod,1333996
2008q3,laers,reac,ascii/REAC08Q3.TXT,2,isr;pt,10740781
2008q3,laers,rpsr,ascii/RPSR08Q3.TXT,2,isr;rpsr_cod,593300
2008q3,laers,stat,ascii/STAT08Q3.TXT,1,,11944
2008q3,laers,ther,ascii/THER08Q3.TXT,6,isr;drug_seq;start_dt;end_dt;dur;dur_cod,6105181
2008q4,laers,demo,ascii/DEMO08Q4.TXT,23,isr;case;i_f_cod;foll_seq;image;event_dt;mfr_dt;fda_dt;rept_cod;mfr_num;mfr_sndr;age;age_cod;gndr_cod;e_sub;wt;wt_cod;rept_dt;occp_cod;death_dt;to_mfr;confid;reporter_country,16555181
2008q4,laers,drug,ascii/DRUG08Q4.TXT,12,isr;drug_seq;role_cod;drugname;val_vbm;route;dose_vbm;dechal;rechal;lot_num;exp_dt;nda_num,22987331
2008q4,laers,indi,ascii/INDI08Q4.TXT,3,isr;drug_seq;indi_pt,8717988
2008q4,laers,outc,ascii/OUTC08Q4.TXT,2,isr;outc_cod,1340717
2008q4,laers,reac,ascii/REAC08Q4.TXT,2,isr;pt,10930802
2008q4,laers,rpsr,ascii/RPSR08Q4.TXT,2,isr;rpsr_cod,513454
2008q4,laers,stat,ascii/STAT08Q4.TXT,1,,12121
2008q4,laers,ther,ascii/THER08Q4.TXT,6,isr;drug_seq;start_dt;end_dt;dur;dur_cod,6529974
2009q1,laers,demo,ascii/DEMO09Q1.TXT,23,isr;case;i_f_cod;foll_seq;image;event_dt;mfr_dt;fda_dt;rept_cod;mfr_num;mfr_sndr;age;age_cod;gndr_cod;e_sub;wt;wt_cod;rept_dt;occp_cod;death_dt;to_mfr;confid;reporter_country,15333246
2009q1,laers,drug,ascii/DRUG09Q1.TXT,12,isr;drug_seq;role_cod;drugname;val_vbm;route;dose_vbm;dechal;rechal;lot_num;exp_dt;nda_num,22633544
2009q1,laers,indi,ascii/INDI09Q1.TXT,3,isr;drug_seq;indi_pt,8572810
2009q1,laers,outc,ascii/OUTC09Q1.TXT,2,isr;outc_cod,1421109
2009q1,laers,reac,ascii/REAC09Q1.TXT,2,isr;pt,10160560
2009q1,laers,rpsr,ascii/RPSR09Q1.TXT,2,isr;rpsr_cod,506227
2009q1,laers,stat,ascii/STAT09Q1.TXT,1,,11767
2009q1,laers,ther,ascii/THER09Q1.TXT,6,isr;drug_seq;start_dt;end_dt;dur;dur_cod,6078572
2009q2,laers,demo,ascii/DEMO09Q2.TXT,23,isr;case;i_f_cod;foll_seq;image;event_dt;mfr_dt;fda_dt;rept_cod;mfr_num;mfr_sndr;age;age_cod;gndr_cod;e_sub;wt;wt_cod;rept_dt;occp_cod;death_dt;to_mfr;confid;reporter_country,15348306
2009q2,laers,drug,ascii/DRUG09Q2.TXT,12,isr;drug_seq;role_cod;drugname;val_vbm;route;dose_vbm;dechal;rechal;lot_num;exp_dt;nda_num,25493449
2009q2,laers,indi,ascii/INDI09Q2.TXT,3,isr;drug_seq;indi_pt,9245096
2009q2,laers,outc,ascii/OUTC09Q2.TXT,2,isr;outc_cod,1483379
2009q2,laers,reac,ascii/REAC09Q2.TXT,2,isr;pt,11075044
2009q2,laers,rpsr,ascii/RPSR09Q2.TXT,2,isr;rpsr_cod,461185
2009q2,laers,stat,ascii/STAT09Q2.TXT,1,,12003
2009q2,laers,ther,ascii/THER09Q2.TXT,6,isr;drug_seq;start_dt;end_dt;dur;dur_cod,7581926
2009q3,laers,demo,ascii/DEMO09Q3.TXT,23,isr;case;i_f_cod;foll_seq;image;event_dt;mfr_dt;fda_dt;rept_cod;mfr_num;mfr_sndr;age;age_cod;gndr_cod;e_sub;wt;wt_cod;rept_dt;occp_cod;death_dt;to_mfr;confid;reporter_country,18012731
2009q3,laers,drug,ascii/DRUG09Q3.TXT,12,isr;drug_seq;role_cod;drugname;val_vbm;route;dose_vbm;dechal;rechal;lot_num;exp_dt;nda_num,29129995
2009q3,laers,indi,ascii/INDI09Q3.TXT,3,isr;drug_seq;indi_pt,11574185
2009q3,laers,outc,ascii/OUTC09Q3.TXT,2,isr;outc_cod,1531011
2009q3,laers,reac,ascii/REAC09Q3.TXT,2,isr;pt,12226020
2009q3,laers,rpsr,ascii/RPSR09Q3.TXT,2,isr;rpsr_cod,485429
2009q3,laers,stat,ascii/STAT09Q3.TXT,1,,12003
2009q3,laers,ther,ascii/THER09Q3.TXT,6,isr;drug_seq;start_dt;end_dt;dur;dur_cod,8187370
2009q4,laers,demo,ascii/DEMO09Q4.TXT,23,isr;case;i_f_cod;foll_seq;image;event_dt;mfr_dt;fda_dt;rept_cod;mfr_num;mfr_sndr;age;age_cod;gndr_cod;e_sub;wt;wt_cod;rept_dt;occp_cod;death_dt;to_mfr;confid;reporter_country,19057350
2009q4,laers,drug,ascii/DRUG09Q4.TXT,12,isr;drug_seq;role_cod;drugname;val_vbm;route;dose_vbm;dechal;rechal;lot_num;exp_dt;nda_num,28490128
2009q4,laers,indi,ascii/INDI09Q4.TXT,3,isr;drug_seq;indi_pt,10136733
2009q4,laers,outc,ascii/OUTC09Q4.TXT,2,isr;outc_cod,1693004
2009q4,laers,reac,ascii/REAC09Q4.TXT,2,isr;pt,13559380
2009q4,laers,rpsr,ascii/RPSR09Q4.TXT,2,isr;rpsr_cod,536391
2009q4,laers,stat,ascii/STAT09Q4.TXT,1,,12003
2009q4,laers,ther,ascii/THER09Q4.TXT,6,isr;drug_seq;start_dt;end_dt;dur;dur_cod,8034303
2010q1,laers,demo,ascii/DEMO10Q1.TXT,23,isr;case;i_f_cod;foll_seq;image;event_dt;mfr_dt;fda_dt;rept_cod;mfr_num;mfr_sndr;age;age_cod;gndr_cod;e_sub;wt;wt_cod;rept_dt;occp_cod;death_dt;to_mfr;confid;reporter_country,18710369
2010q1,laers,drug,ascii/DRUG10Q1.TXT,12,isr;drug_seq;role_cod;drugname;val_vbm;route;dose_vbm;dechal;rechal;lot_num;exp_dt;nda_num,29311096
2010q1,laers,indi,ascii/INDI10Q1.TXT,3,isr;drug_seq;indi_pt,10544825
2010q1,laers,outc,ascii/OUTC10Q1.TXT,2,isr;outc_cod,1651482
2010q1,laers,reac,ascii/REAC10Q1.TXT,2,isr;pt,13461614
2010q1,laers,rpsr,ascii/RPSR10Q1.TXT,2,isr;rpsr_cod,487617
2010q1,laers,stat,ascii/STAT10Q1.TXT,1,,11885
2010q1,laers,ther,ascii/THER10Q1.TXT,6,isr;drug_seq;start_dt;end_dt;dur;dur_cod,7937963
2010q2,laers,demo,ascii/DEMO10Q2.TXT,23,isr;case;i_f_cod;foll_seq;image;event_dt;mfr_dt;fda_dt;rept_cod;mfr_num;mfr_sndr;age;age_cod;gndr_cod;e_sub;wt;wt_cod;rept_dt;occp_cod;death_dt;to_mfr;confid;reporter_country,19965595
2010q2,laers,drug,ascii/DRUG10Q2.TXT,12,isr;drug_seq;role_cod;drugname;val_vbm;route;dose_vbm;dechal;rechal;lot_num;exp_dt;nda_num,31885203
2010q2,laers,indi,ascii/INDI10Q2.TXT,3,isr;drug_seq;indi_pt,11361717
2010q2,laers,outc,ascii/OUTC10Q2.TXT,2,isr;outc_cod,1830063
2010q2,laers,reac,ascii/REAC10Q2.TXT,2,isr;pt,14662215
2010q2,laers,rpsr,ascii/RPSR10Q2.TXT,2,isr;rpsr_cod,502935
2010q2,laers,stat,ascii/STAT10Q2.TXT,1,,11885
2010q2,laers,ther,ascii/THER10Q2.TXT,6,isr;drug_seq;start_dt;end_dt;dur;dur_cod,9032832
2010q3,laers,demo,ascii/DEMO10Q3.TXT,23,isr;case;i_f_cod;foll_seq;image;event_dt;mfr_dt;fda_dt;rept_cod;mfr_num;mfr_sndr;age;age_cod;gndr_cod;e_sub;wt;wt_cod;rept_dt;occp_cod;death_dt;to_mfr;confid;reporter_country,29081088
2010q3,laers,drug,ascii/DRUG10Q3.TXT,12,isr;drug_seq;role_cod;drugname;val_vbm;route;dose_vbm;dechal;rechal;lot_num;exp_dt;nda_num,42441732
2010q3,laers,indi,ascii/INDI10Q3.TXT,3,isr;drug_seq;indi_pt,16199721
2010q3,laers,outc,ascii/OUTC10Q3.TXT,2,isr;outc_cod,2142570
2010q3,laers,reac,ascii/REAC10Q3.TXT,2,isr;pt,19222577
2010q3,laers,rpsr,ascii/RPSR10Q3.TXT,2,isr;rpsr_cod,512673
2010q3,laers,stat,ascii/STAT10Q3.TXT,1,,12121
2010q3,laers,ther,ascii/THER10Q3.TXT,6,isr;drug_seq;start_dt;end_dt;dur;dur_cod,11172310
2010q4,laers,demo,ascii/DEMO10Q4.TXT,23,isr;case;i_f_cod;foll_seq;image;event_dt;mfr_dt;fda_dt;rept_cod;mfr_num;mfr_sndr;age;age_cod;gndr_cod;e_sub;wt;wt_cod;rept_dt;occp_cod;death_dt;to_mfr;confid;reporter_country,25286721
2010q4,laers,drug,ascii/DRUG10Q4.TXT,12,isr;drug_seq;role_cod;drugname;val_vbm;route;dose_vbm;dechal;rechal;lot_num;exp_dt;nda_num,35949047
2010q4,laers,indi,ascii/INDI10Q4.TXT,3,isr;drug_seq;indi_pt,12970713
2010q4,laers,outc,ascii/OUTC10Q4.TXT,2,isr;outc_cod,2059526
2010q4,laers,reac,ascii/REAC10Q4.TXT,2,isr;pt,17330814
2010q4,laers,rpsr,ascii/RPSR10Q4.TXT,2,isr;rpsr_cod,449998
2010q4,laers,stat,ascii/STAT10Q4.TXT,1,,11944
2010q4,laers,ther,ascii/THER10Q4.TXT,6,isr;drug_seq;start_dt;end_dt;dur;dur_cod,9843793
2011q1,laers,demo,ascii/DEMO11Q1.TXT,23,isr;case;i_f_cod;foll_seq;image;event_dt;mfr_dt;fda_dt;rept_cod;mfr_num;mfr_sndr;age;age_cod;gndr_cod;e_sub;wt;wt_cod;rept_dt;occp_cod;death_dt;to_mfr;confid;reporter_country,25508978
2011q1,laers,drug,ascii/DRUG11Q1.TXT,12,isr;drug_seq;role_cod;drugname;val_vbm;route;dose_vbm;dechal;rechal;lot_num;exp_dt;nda_num,37790579
2011q1,laers,indi,ascii/INDI11Q1.TXT,3,isr;drug_seq;indi_pt,14745817
2011q1,laers,outc,ascii/OUTC11Q1.TXT,2,isr;outc_cod,2174511
2011q1,laers,reac,ascii/REAC11Q1.TXT,2,isr;pt,17520119
2011q1,laers,rpsr,ascii/RPSR11Q1.TXT,2,isr;rpsr_cod,465911
2011q1,laers,stat,ascii/STAT11Q1.TXT,1,,12003
2011q1,laers,ther,ascii/THER11Q1.TXT,6,isr;drug_seq;start_dt;end_dt;dur;dur_cod,10767058
2011q2,laers,demo,ascii/DEMO11Q2.TXT,23,isr;case;i_f_cod;foll_seq;image;event_dt;mfr_dt;fda_dt;rept_cod;mfr_num;mfr_sndr;age;age_cod;gndr_cod;e_sub;wt;wt_cod;rept_dt;occp_cod;death_dt;to_mfr;confid;reporter_country,27492417
2011q2,laers,drug,ascii/DRUG11Q2.TXT,12,isr;drug_seq;role_cod;drugname;val_vbm;route;dose_vbm;dechal;rechal;lot_num;exp_dt;nda_num,42141802
2011q2,laers,indi,ascii/INDI11Q2.TXT,3,isr;drug_seq;indi_pt,14381364
2011q2,laers,outc,ascii/OUTC11Q2.TXT,2,isr;outc_cod,2540006
2011q2,laers,reac,ascii/REAC11Q2.TXT,2,isr;pt,19888751
2011q2,laers,rpsr,ascii/RPSR11Q2.TXT,2,isr;rpsr_cod,485799
2011q2,laers,stat,ascii/STAT11Q2.TXT,1,,12121
2011q2,laers,ther,ascii/THER11Q2.TXT,6,isr;drug_seq;start_dt;end_dt;dur;dur_cod,12522883
2011q3,laers,demo,ascii/DEMO11Q3.TXT,23,isr;case;i_f_cod;foll_seq;image;event_dt;mfr_dt;fda_dt;rept_cod;mfr_num;mfr_sndr;age;age_cod;gndr_cod;e_sub;wt;wt_cod;rept_dt;occp_cod;death_dt;to_mfr;confid;reporter_country,28210065
2011q3,laers,drug,ascii/DRUG11Q3.TXT,12,isr;drug_seq;role_cod;drugname;val_vbm;route;dose_vbm;dechal;rechal;lot_num;exp_dt;nda_num,42100786
2011q3,laers,indi,ascii/INDI11Q3.TXT,3,isr;drug_seq;indi_pt,15702818
2011q3,laers,outc,ascii/OUTC11Q3.TXT,2,isr;outc_cod,2492010
2011q3,laers,reac,ascii/REAC11Q3.TXT,2,isr;pt,19698362
2011q3,laers,rpsr,ascii/RPSR11Q3.TXT,2,isr;rpsr_cod,562303
2011q3,laers,stat,ascii/STAT11Q3.TXT,1,,12003
2011q3,laers,ther,ascii/THER11Q3.TXT,6,isr;drug_seq;start_dt;end_dt;dur;dur_cod,12404851
2011q4,laers,demo,ascii/DEMO11Q4.TXT,23,isr;case;i_f_cod;foll_seq;image;event_dt;mfr_dt;fda_dt;rept_cod;mfr_num;mfr_sndr;age;age_cod;gndr_cod;e_sub;wt;wt_cod;rept_dt;occp_cod;death_dt;to_mfr;confid;reporter_country,29483322
2011q4,laers,drug,ascii/DRUG11Q4.TXT,12,isr;drug_seq;role_cod;drugname;val_vbm;route;dose_vbm;dechal;rechal;lot_num;exp_dt;nda_num,41121290
2011q4,laers,indi,ascii/INDI11Q4.TXT,3,isr;drug_seq;indi_pt,14729937
2011q4,laers,outc,ascii/OUTC11Q4.TXT,2,isr;outc_cod,2366755
2011q4,laers,reac,ascii/REAC11Q4.TXT,2,isr;pt,20590276
2011q4,laers,rpsr,ascii/RPSR11Q4.TXT,2,isr;rpsr_cod,474321
2011q4,laers,stat,ascii/STAT11Q4.TXT,1,,12003
2011q4,laers,ther,ascii/THER11Q4.TXT,6,isr;drug_seq;start_dt;end_dt;dur;dur_cod,12015348
2012q1,laers,demo,ascii/DEMO12Q1.TXT,23,isr;case;i_f_cod;foll_seq;image;event_dt;mfr_dt;fda_dt;rept_cod;mfr_num;mfr_sndr;age;age_cod;gndr_cod;e_sub;wt;wt_cod;rept_dt;occp_cod;death_dt;to_mfr;confid;reporter_country,32596710
2012q1,laers,drug,ascii/DRUG12Q1.TXT,12,isr;drug_seq;role_cod;drugname;val_vbm;route;dose_vbm;dechal;rechal;lot_num;exp_dt;nda_num,47663803
2012q1,laers,indi,ascii/INDI12Q1.TXT,3,isr;drug_seq;indi_pt,18776618
2012q1,laers,outc,ascii/OUTC12Q1.TXT,2,isr;outc_cod,2635361
2012q1,laers,reac,ascii/REAC12Q1.TXT,2,isr;pt,22208304
2012q1,laers,rpsr,ascii/RPSR12Q1.TXT,2,isr;rpsr_cod,600357
2012q1,laers,stat,ascii/STAT12Q1.TXT,1,,11944
2012q1,laers,ther,ascii/THER12Q1.TXT,6,isr;drug_seq;start_dt;end_dt;dur;dur_cod,13095043
2012q2,laers,demo,ascii/DEMO12Q2.TXT,23,isr;case;i_f_cod;foll_seq;image;event_dt;mfr_dt;fda_dt;rept_cod;mfr_num;mfr_sndr;age;age_cod;gndr_cod;e_sub;wt;wt_cod;rept_dt;occp_cod;death_dt;to_mfr;confid;reporter_country,31661511
2012q2,laers,drug,ascii/DRUG12Q2.TXT,12,isr;drug_seq;role_cod;drugname;val_vbm;route;dose_vbm;dechal;rechal;lot_num;exp_dt;nda_num,46032579
2012q2,laers,indi,ascii/INDI12Q2.TXT,3,isr;drug_seq;indi_pt,16044558
2012q2,laers,outc,ascii/OUTC12Q2.TXT,2,isr;outc_cod,2685034
2012q2,laers,reac,ascii/REAC12Q2.TXT,2,isr;pt,22277987
2012q2,laers,rpsr,ascii/RPSR12Q2.TXT,2,isr;rpsr_cod,543334
2012q2,laers,stat,ascii/STAT12Q2.TXT,1,,12062
2012q2,laers,ther,ascii/THER12Q2.TXT,6,isr;drug_seq;start_dt;end_dt;dur;dur_cod,12952994
2012q3,laers,demo,ascii/DEMO12Q3.TXT,23,isr;case;i_f_cod;foll_seq;image;event_dt;mfr_dt;fda_dt;rept_cod;mfr_num;mfr_sndr;age;age_cod;gndr_cod;e_sub;wt;wt_cod;rept_dt;occp_cod;death_dt;to_mfr;confid;reporter_country,19015896
2012q3,laers,drug,ascii/DRUG12Q3.TXT,12,isr;drug_seq;role_cod;drugname;val_vbm;route;dose_vbm;dechal;rechal;lot_num;exp_dt;nda_num,29293211
2012q3,laers,indi,ascii/INDI12Q3.TXT,3,isr;drug_seq;indi_pt,10758318
2012q3,laers,outc,ascii/OUTC12Q3.TXT,2,isr;outc_cod,1597610
2012q3,laers,reac,ascii/REAC12Q3.TXT,2,isr;pt,13335410
2012q3,laers,rpsr,ascii/RPSR12Q3.TXT,2,isr;rpsr_cod,150391
2012q3,laers,stat,ascii/STAT12Q3.TXT,1,,11708
2012q3,laers,ther,ascii/THER12Q3.TXT,6,isr;drug_seq;start_dt;end_dt;dur;dur_cod,8089259
2012q4,faers_early,demo,ascii/demo12q4.txt,22,primaryid;caseid;caseversion;i_f_code;event_dt;mfr_dt;init_fda_dt;fda_dt;rept_cod;mfr_num;mfr_sndr;age;age_cod;gndr_cod;e_sub;wt;wt_cod;rept_dt;to_mfr;occp_cod;reporter_country;occr_country,28965751
2012q4,faers_early,drug,ascii/drug12q4.txt,19,﻿primaryid;caseid;drug_seq;role_cod;drugname;val_vbm;route;dose_vbm;cum_dose_chr;cum_dose_unit;dechal;rechal;lot_nbr;exp_dt;nda_num;dose_amt;dose_unit;dose_form;dose_freq,55297599
2012q4,faers_early,indi,ascii/indi12q4.txt,4,primaryid;caseid;indi_drug_seq;indi_pt,18136220
2012q4,faers_early,outc,ascii/outc12q4.txt,3,primaryid;caseid;outc_code,4026405
2012q4,faers_early,reac,ascii/reac12q4.txt,3,primaryid;caseid;pt,25340629
2012q4,faers_early,rpsr,ascii/rpsr12q4.txt,3,primaryid;caseid;rpsr_cod,557043
2012q4,faers_early,ther,ascii/ther12q4.txt,7,primaryid;caseid;dsg_drug_seq;start_dt;end_dt;dur;dur_cod,11186571
2013q1,faers_early,demo,ascii/DEMO13Q1.txt,22,primaryid;caseid;caseversion;i_f_code;event_dt;mfr_dt;init_fda_dt;fda_dt;rept_cod;mfr_num;mfr_sndr;age;age_cod;gndr_cod;e_sub;wt;wt_cod;rept_dt;to_mfr;occp_cod;reporter_country;occr_country,27668077
2013q1,faers_early,drug,ascii/DRUG13Q1.txt,19,primaryid;caseid;drug_seq;role_cod;drugname;val_vbm;route;dose_vbm;cum_dose_chr;cum_dose_unit;dechal;rechal;lot_num;exp_dt;nda_num;dose_amt;dose_unit;dose_form;dose_freq,50965414
2013q1,faers_early,indi,ascii/INDI13Q1.txt,4,primaryid;caseid;indi_drug_seq;indi_pt,19234567
2013q1,faers_early,outc,ascii/OUTC13Q1.txt,3,primaryid;caseid;outc_cod,3228881
2013q1,faers_early,reac,ascii/REAC13Q1.txt,3,primaryid;caseid;pt,22654673
2013q1,faers_early,rpsr,ascii/RPSR13Q1.txt,3,primaryid;caseid;rpsr_cod,1159052
2013q1,faers_early,ther,ascii/THER13Q1.txt,7,primaryid;caseid;dsg_drug_seq;start_dt;end_dt;dur;dur_cod,9663442
2013q2,faers_early,demo,ascii/DEMO13Q2.txt,22,primaryid;caseid;caseversion;i_f_code;event_dt;mfr_dt;init_fda_dt;fda_dt;rept_cod;mfr_num;mfr_sndr;age;age_cod;gndr_cod;e_sub;wt;wt_cod;rept_dt;to_mfr;occp_cod;reporter_country;occr_country,20977372
2013q2,faers_early,drug,ascii/DRUG13Q2.txt,19,primaryid;caseid;drug_seq;role_cod;drugname;val_vbm;route;dose_vbm;cum_dose_chr;cum_dose_unit;dechal;rechal;lot_num;exp_dt;nda_num;dose_amt;dose_unit;dose_form;dose_freq,41010923
2013q2,faers_early,indi,ascii/INDI13Q2.txt,4,primaryid;caseid;indi_drug_seq;indi_pt,13777313
2013q2,faers_early,outc,ascii/OUTC13Q2.txt,3,primaryid;caseid;outc_cod,2911802
2013q2,faers_early,reac,ascii/REAC13Q2.txt,3,primaryid;caseid;pt,18863720
2013q2,faers_early,rpsr,ascii/RPSR13Q2.txt,3,primaryid;caseid;rpsr_cod,582778
2013q2,faers_early,ther,ascii/THER13Q2.txt,7,primaryid;caseid;dsg_drug_seq;start_dt;end_dt;dur;dur_cod,8184656
2013q3,faers_early,demo,ASCII/DEMO13Q3.txt,22,primaryid;caseid;caseversion;i_f_code;event_dt;mfr_dt;init_fda_dt;fda_dt;rept_cod;mfr_num;mfr_sndr;age;age_cod;gndr_cod;e_sub;wt;wt_cod;rept_dt;to_mfr;occp_cod;reporter_country;occr_country,22740103
2013q3,faers_early,drug,ASCII/DRUG13Q3.txt,19,primaryid;caseid;drug_seq;role_cod;drugname;val_vbm;route;dose_vbm;cum_dose_chr;cum_dose_unit;dechal;rechal;lot_num;exp_dt;nda_num;dose_amt;dose_unit;dose_form;dose_freq,44566305
2013q3,faers_early,indi,ASCII/INDI13Q3.txt,4,primaryid;caseid;indi_drug_seq;indi_pt,15537204
2013q3,faers_early,outc,ASCII/OUTC13Q3.txt,3,primaryid;caseid;outc_cod,3097719
2013q3,faers_early,reac,ASCII/REAC13Q3.txt,3,primaryid;caseid;pt,20206355
2013q3,faers_early,rpsr,ASCII/RPSR13Q3.txt,3,primaryid;caseid;rpsr_cod,533929
2013q3,faers_early,ther,ASCII/THER13Q3.txt,7,primaryid;caseid;dsg_drug_seq;start_dt;end_dt;dur;dur_cod,8650829
2013q4,faers_early,demo,ascii/DEMO13Q4.txt,22,primaryid;caseid;caseversion;i_f_code;event_dt;mfr_dt;init_fda_dt;fda_dt;rept_cod;mfr_num;mfr_sndr;age;age_cod;gndr_cod;e_sub;wt;wt_cod;rept_dt;to_mfr;occp_cod;reporter_country;occr_country,28208108
2013q4,faers_early,drug,ascii/DRUG13Q4.txt,19,primaryid;caseid;drug_seq;role_cod;drugname;val_vbm;route;dose_vbm;cum_dose_chr;cum_dose_unit;dechal;rechal;lot_num;exp_dt;nda_num;dose_amt;dose_unit;dose_form;dose_freq,54364934
2013q4,faers_early,indi,ascii/INDI13Q4.txt,4,primaryid;caseid;indi_drug_seq;indi_pt,18167669
2013q4,faers_early,outc,ascii/OUTC13Q4.txt,3,primaryid;caseid;outc_cod,3244492
2013q4,faers_early,reac,ascii/REAC13Q4.txt,3,primaryid;caseid;pt,23842326
2013q4,faers_early,rpsr,ascii/RPSR13Q4.txt,3,primaryid;caseid;rpsr_cod,572202
2013q4,faers_early,ther,ascii/THER13Q4.txt,7,primaryid;caseid;dsg_drug_seq;start_dt;end_dt;dur;dur_cod,10036402
2014q1,faers_early,demo,ascii/DEMO14Q1.txt,22,primaryid;caseid;caseversion;i_f_code;event_dt;mfr_dt;init_fda_dt;fda_dt;rept_cod;mfr_num;mfr_sndr;age;age_cod;gndr_cod;e_sub;wt;wt_cod;rept_dt;to_mfr;occp_cod;reporter_country;occr_country,32645439
2014q1,faers_early,drug,ascii/DRUG14Q1.txt,19,primaryid;caseid;drug_seq;role_cod;drugname;val_vbm;route;dose_vbm;cum_dose_chr;cum_dose_unit;dechal;rechal;lot_num;exp_dt;nda_num;dose_amt;dose_unit;dose_form;dose_freq,65643717
2014q1,faers_early,indi,ascii/INDI14Q1.txt,4,primaryid;caseid;indi_drug_seq;indi_pt,25558311
2014q1,faers_early,outc,ascii/OUTC14Q1.txt,3,primaryid;caseid;outc_cod,3646825
2014q1,faers_early,reac,ascii/REAC14Q1.txt,3,primaryid;caseid;pt,26322609
2014q1,faers_early,rpsr,ascii/RPSR14Q1.txt,3,primaryid;caseid;rpsr_cod,844524
2014q1,faers_early,ther,ascii/THER14Q1.txt,7,primaryid;caseid;dsg_drug_seq;start_dt;end_dt;dur;dur_cod,11380588
2014q2,faers_early,demo,ascii/DEMO14Q2.txt,22,primaryid;caseid;caseversion;i_f_code;event_dt;mfr_dt;init_fda_dt;fda_dt;rept_cod;mfr_num;mfr_sndr;age;age_cod;gndr_cod;e_sub;wt;wt_cod;rept_dt;to_mfr;occp_cod;reporter_country;occr_country,28309653
2014q2,faers_early,drug,ascii/DRUG14Q2.txt,19,primaryid;caseid;drug_seq;role_cod;drugname;val_vbm;route;dose_vbm;cum_dose_chr;cum_dose_unit;dechal;rechal;lot_num;exp_dt;nda_num;dose_amt;dose_unit;dose_form;dose_freq,51523678
2014q2,faers_early,indi,ascii/INDI14Q2.txt,4,primaryid;caseid;indi_drug_seq;indi_pt,18526184
2014q2,faers_early,outc,ascii/OUTC14Q2.txt,3,primaryid;caseid;outc_cod,4037360
2014q2,faers_early,reac,ascii/REAC14Q2.txt,3,primaryid;caseid;pt,23870576
2014q2,faers_early,rpsr,ascii/RPSR14Q2.txt,3,primaryid;caseid;rpsr_cod,524741
2014q2,faers_early,ther,ascii/THER14Q2.txt,7,primaryid;caseid;dsg_drug_seq;start_dt;end_dt;dur;dur_cod,9576541
2014q3,faers_modern,demo,ascii/DEMO14Q3.txt,25,primaryid;caseid;caseversion;i_f_code;event_dt;mfr_dt;init_fda_dt;fda_dt;rept_cod;auth_num;mfr_num;mfr_sndr;lit_ref;age;age_cod;age_grp;sex;e_sub;wt;wt_cod;rept_dt;to_mfr;occp_cod;reporter_country;occr_country,29223851
2014q3,faers_modern,drug,ascii/DRUG14Q3.txt,20,primaryid;caseid;drug_seq;role_cod;drugname;prod_ai;val_vbm;route;dose_vbm;cum_dose_chr;cum_dose_unit;dechal;rechal;lot_num;exp_dt;nda_num;dose_amt;dose_unit;dose_form;dose_freq,64517885
2014q3,faers_modern,indi,ascii/INDI14Q3.txt,4,primaryid;caseid;indi_drug_seq;indi_pt,18971283
2014q3,faers_modern,outc,ascii/OUTC14Q3.txt,3,primaryid;caseid;outc_cod,3861179
2014q3,faers_modern,reac,ascii/REAC14Q3.txt,4,primaryid;caseid;pt;drug_rec_act,25020495
2014q3,faers_modern,rpsr,ascii/RPSR14Q3.txt,3,primaryid;caseid;rpsr_cod,567643
2014q3,faers_modern,ther,ascii/THER14Q3.txt,7,primaryid;caseid;dsg_drug_seq;start_dt;end_dt;dur;dur_cod,9744737
2014q4,faers_modern,demo,ascii/DEMO14Q4.txt,25,primaryid;caseid;caseversion;i_f_code;event_dt;mfr_dt;init_fda_dt;fda_dt;rept_cod;auth_num;mfr_num;mfr_sndr;lit_ref;age;age_cod;age_grp;sex;e_sub;wt;wt_cod;rept_dt;to_mfr;occp_cod;reporter_country;occr_country,29202383
2014q4,faers_modern,drug,ascii/DRUG14Q4.txt,20,primaryid;caseid;drug_seq;role_cod;drugname;prod_ai;val_vbm;route;dose_vbm;cum_dose_chr;cum_dose_unit;dechal;rechal;lot_num;exp_dt;nda_num;dose_amt;dose_unit;dose_form;dose_freq,64136328
2014q4,faers_modern,indi,ascii/INDI14Q4.txt,4,primaryid;caseid;indi_drug_seq;indi_pt,19912567
2014q4,faers_modern,outc,ascii/OUTC14Q4.txt,3,primaryid;caseid;outc_cod,3827909
2014q4,faers_modern,reac,ascii/REAC14Q4.txt,4,primaryid;caseid;pt;drug_rec_act,23844821
2014q4,faers_modern,rpsr,ascii/RPSR14Q4.txt,3,primaryid;caseid;rpsr_cod,545749
2014q4,faers_modern,ther,ascii/THER14Q4.txt,7,primaryid;caseid;dsg_drug_seq;start_dt;end_dt;dur;dur_cod,9788555
2015q1,faers_modern,demo,ascii/DEMO15Q1.txt,25,primaryid;caseid;caseversion;i_f_code;event_dt;mfr_dt;init_fda_dt;fda_dt;rept_cod;auth_num;mfr_num;mfr_sndr;lit_ref;age;age_cod;age_grp;sex;e_sub;wt;wt_cod;rept_dt;to_mfr;occp_cod;reporter_country;occr_country,45779911
2015q1,faers_modern,drug,ascii/DRUG15Q1.txt,20,primaryid;caseid;drug_seq;role_cod;drugname;prod_ai;val_vbm;route;dose_vbm;cum_dose_chr;cum_dose_unit;dechal;rechal;lot_num;exp_dt;nda_num;dose_amt;dose_unit;dose_form;dose_freq,101137506
2015q1,faers_modern,indi,ascii/INDI15Q1.txt,4,primaryid;caseid;indi_drug_seq;indi_pt,35020771
2015q1,faers_modern,outc,ascii/OUTC15Q1.txt,3,primaryid;caseid;outc_cod,5451564
2015q1,faers_modern,reac,ascii/REAC15Q1.txt,4,primaryid;caseid;pt;drug_rec_act,32991330
2015q1,faers_modern,rpsr,ascii/RPSR15Q1.txt,3,primaryid;caseid;rpsr_cod,659763
2015q1,faers_modern,ther,ascii/THER15Q1.txt,7,primaryid;caseid;dsg_drug_seq;start_dt;end_dt;dur;dur_cod,13456453
2015q2,faers_modern,demo,ascii/DEMO15Q2.txt,25,primaryid;caseid;caseversion;i_f_code;event_dt;mfr_dt;init_fda_dt;fda_dt;rept_cod;auth_num;mfr_num;mfr_sndr;lit_ref;age;age_cod;age_grp;sex;e_sub;wt;wt_cod;rept_dt;to_mfr;occp_cod;reporter_country;occr_country,40104744
2015q2,faers_modern,drug,ascii/DRUG15Q2.txt,20,primaryid;caseid;drug_seq;role_cod;drugname;prod_ai;val_vbm;route;dose_vbm;cum_dose_chr;cum_dose_unit;dechal;rechal;lot_num;exp_dt;nda_num;dose_amt;dose_unit;dose_form;dose_freq,92590225
2015q2,faers_modern,indi,ascii/INDI15Q2.txt,4,primaryid;caseid;indi_drug_seq;indi_pt,30473882
2015q2,faers_modern,outc,ascii/OUTC15Q2.txt,3,primaryid;caseid;outc_cod,4587429
2015q2,faers_modern,reac,ascii/REAC15Q2.txt,4,primaryid;caseid;pt;drug_rec_act,31843625
2015q2,faers_modern,rpsr,ascii/RPSR15Q2.txt,3,primaryid;caseid;rpsr_cod,478824
2015q2,faers_modern,ther,ascii/THER15Q2.txt,7,primaryid;caseid;dsg_drug_seq;start_dt;end_dt;dur;dur_cod,13377540
2015q3,faers_modern,demo,ascii/DEMO15Q3.txt,25,primaryid;caseid;caseversion;i_f_code;event_dt;mfr_dt;init_fda_dt;fda_dt;rept_cod;auth_num;mfr_num;mfr_sndr;lit_ref;age;age_cod;age_grp;sex;e_sub;wt;wt_cod;rept_dt;to_mfr;occp_cod;reporter_country;occr_country,55000360
2015q3,faers_modern,drug,ascii/DRUG15Q3.txt,20,primaryid;caseid;drug_seq;role_cod;drugname;prod_ai;val_vbm;route;dose_vbm;cum_dose_chr;cum_dose_unit;dechal;rechal;lot_num;exp_dt;nda_num;dose_amt;dose_unit;dose_form;dose_freq,120594775
2015q3,faers_modern,indi,ascii/INDI15Q3.txt,4,primaryid;caseid;indi_drug_seq;indi_pt,37629710
2015q3,faers_modern,outc,ascii/OUTC15Q3.txt,3,primaryid;caseid;outc_cod,4885726
2015q3,faers_modern,reac,ascii/REAC15Q3.txt,4,primaryid;caseid;pt;drug_rec_act,42333511
2015q3,faers_modern,rpsr,ascii/RPSR15Q3.txt,3,primaryid;caseid;rpsr_cod,281523
2015q3,faers_modern,ther,ascii/THER15Q3.txt,7,primaryid;caseid;dsg_drug_seq;start_dt;end_dt;dur;dur_cod,17617114
2015q4,faers_modern,demo,ascii/DEMO15Q4.txt,25,primaryid;caseid;caseversion;i_f_code;event_dt;mfr_dt;init_fda_dt;fda_dt;rept_cod;auth_num;mfr_num;mfr_sndr;lit_ref;age;age_cod;age_grp;sex;e_sub;wt;wt_cod;rept_dt;to_mfr;occp_cod;reporter_country;occr_country,44658563
2015q4,faers_modern,drug,ascii/DRUG15Q4.txt,20,primaryid;caseid;drug_seq;role_cod;drugname;prod_ai;val_vbm;route;dose_vbm;cum_dose_chr;cum_dose_unit;dechal;rechal;lot_num;exp_dt;nda_num;dose_amt;dose_unit;dose_form;dose_freq,100105690
2015q4,faers_modern,indi,ascii/INDI15Q4.txt,4,primaryid;caseid;indi_drug_seq;indi_pt,33564753
2015q4,faers_modern,outc,ascii/OUTC15Q4.txt,3,primaryid;caseid;outc_cod,4703944
2015q4,faers_modern,reac,ascii/REAC15Q4.txt,4,primaryid;caseid;pt;drug_rec_act,36309065
2015q4,faers_modern,rpsr,ascii/RPSR15Q4.txt,3,primaryid;caseid;rpsr_cod,131812
2015q4,faers_modern,ther,ascii/THER15Q4.txt,7,primaryid;caseid;dsg_drug_seq;start_dt;end_dt;dur;dur_cod,14444834
2016q1,faers_modern,demo,ascii/DEMO16Q1.txt,25,primaryid;caseid;caseversion;i_f_code;event_dt;mfr_dt;init_fda_dt;fda_dt;rept_cod;auth_num;mfr_num;mfr_sndr;lit_ref;age;age_cod;age_grp;sex;e_sub;wt;wt_cod;rept_dt;to_mfr;occp_cod;reporter_country;occr_country,51731887
2016q1,faers_modern,drug,ascii/DRUG16Q1.txt,20,primaryid;caseid;drug_seq;role_cod;drugname;prod_ai;val_vbm;route;dose_vbm;cum_dose_chr;cum_dose_unit;dechal;rechal;lot_num;exp_dt;nda_num;dose_amt;dose_unit;dose_form;dose_freq,113025345
2016q1,faers_modern,indi,ascii/INDI16Q1.txt,4,primaryid;caseid;indi_drug_seq;indi_pt,41650173
2016q1,faers_modern,outc,ascii/OUTC16Q1.txt,3,primaryid;caseid;outc_cod,4825800
2016q1,faers_modern,reac,ascii/REAC16Q1.txt,4,primaryid;caseid;pt;drug_rec_act,38243135
2016q1,faers_modern,rpsr,ascii/RPSR16Q1.txt,3,primaryid;caseid;rpsr_cod,149803
2016q1,faers_modern,ther,ascii/THER16Q1.txt,7,primaryid;caseid;dsg_drug_seq;start_dt;end_dt;dur;dur_cod,16512504
2016q2,faers_modern,demo,ascii/DEMO16Q2.txt,25,primaryid;caseid;caseversion;i_f_code;event_dt;mfr_dt;init_fda_dt;fda_dt;rept_cod;auth_num;mfr_num;mfr_sndr;lit_ref;age;age_cod;age_grp;sex;e_sub;wt;wt_cod;rept_dt;to_mfr;occp_cod;reporter_country;occr_country,43420538
2016q2,faers_modern,drug,ascii/DRUG16Q2.txt,20,primaryid;caseid;drug_seq;role_cod;drugname;prod_ai;val_vbm;route;dose_vbm;cum_dose_chr;cum_dose_unit;dechal;rechal;lot_num;exp_dt;nda_num;dose_amt;dose_unit;dose_form;dose_freq,106079656
2016q2,faers_modern,indi,ascii/INDI16Q2.txt,4,primaryid;caseid;indi_drug_seq;indi_pt,38337775
2016q2,faers_modern,outc,ascii/OUTC16Q2.txt,3,primaryid;caseid;outc_cod,5024608
2016q2,faers_modern,reac,ascii/REAC16Q2.txt,4,primaryid;caseid;pt;drug_rec_act,34559003
2016q2,faers_modern,rpsr,ascii/RPSR16Q2.txt,3,primaryid;caseid;rpsr_cod,217372
2016q2,faers_modern,ther,ascii/THER16Q2.txt,7,primaryid;caseid;dsg_drug_seq;start_dt;end_dt;dur;dur_cod,16794717
2016q3,faers_modern,demo,ascii/DEMO16Q3.txt,25,primaryid;caseid;caseversion;i_f_code;event_dt;mfr_dt;init_fda_dt;fda_dt;rept_cod;auth_num;mfr_num;mfr_sndr;lit_ref;age;age_cod;age_grp;sex;e_sub;wt;wt_cod;rept_dt;to_mfr;occp_cod;reporter_country;occr_country,43349590
2016q3,faers_modern,drug,ascii/DRUG16Q3.txt,20,primaryid;caseid;drug_seq;role_cod;drugname;prod_ai;val_vbm;route;dose_vbm;cum_dose_chr;cum_dose_unit;dechal;rechal;lot_num;exp_dt;nda_num;dose_amt;dose_unit;dose_form;dose_freq,115812366
2016q3,faers_modern,indi,ascii/INDI16Q3.txt,4,primaryid;caseid;indi_drug_seq;indi_pt,39089739
2016q3,faers_modern,outc,ascii/OUTC16Q3.txt,3,primaryid;caseid;outc_cod,5083287
2016q3,faers_modern,reac,ascii/REAC16Q3.txt,4,primaryid;caseid;pt;drug_rec_act,35443308
2016q3,faers_modern,rpsr,ascii/RPSR16Q3.txt,3,primaryid;caseid;rpsr_cod,169403
2016q3,faers_modern,ther,ascii/THER16Q3.txt,7,primaryid;caseid;dsg_drug_seq;start_dt;end_dt;dur;dur_cod,17529546
2016q4,faers_modern,demo,ascii/DEMO16Q4.txt,25,primaryid;caseid;caseversion;i_f_code;event_dt;mfr_dt;init_fda_dt;fda_dt;rept_cod;auth_num;mfr_num;mfr_sndr;lit_ref;age;age_cod;age_grp;sex;e_sub;wt;wt_cod;rept_dt;to_mfr;occp_cod;reporter_country;occr_country,43079991
2016q4,faers_modern,drug,ascii/DRUG16Q4.txt,20,primaryid;caseid;drug_seq;role_cod;drugname;prod_ai;val_vbm;route;dose_vbm;cum_dose_chr;cum_dose_unit;dechal;rechal;lot_num;exp_dt;nda_num;dose_amt;dose_unit;dose_form;dose_freq,107439837
2016q4,faers_modern,indi,ascii/INDI16Q4.txt,4,primaryid;caseid;indi_drug_seq;indi_pt,35904121
2016q4,faers_modern,outc,ascii/OUTC16Q4.txt,3,primaryid;caseid;outc_cod,5066783
2016q4,faers_modern,reac,ascii/REAC16Q4.txt,4,primaryid;caseid;pt;drug_rec_act,34647274
2016q4,faers_modern,rpsr,ascii/RPSR16Q4.txt,3,primaryid;caseid;rpsr_cod,253606
2016q4,faers_modern,ther,ascii/THER16Q4.txt,7,primaryid;caseid;dsg_drug_seq;start_dt;end_dt;dur;dur_cod,15677077
2017q1,faers_modern,demo,ascii/DEMO17Q1.txt,25,primaryid;caseid;caseversion;i_f_code;event_dt;mfr_dt;init_fda_dt;fda_dt;rept_cod;auth_num;mfr_num;mfr_sndr;lit_ref;age;age_cod;age_grp;sex;e_sub;wt;wt_cod;rept_dt;to_mfr;occp_cod;reporter_country;occr_country,49464395
2017q1,faers_modern,drug,ascii/DRUG17Q1.txt,20,primaryid;caseid;drug_seq;role_cod;drugname;prod_ai;val_vbm;route;dose_vbm;cum_dose_chr;cum_dose_unit;dechal;rechal;lot_num;exp_dt;nda_num;dose_amt;dose_unit;dose_form;dose_freq,116443062
2017q1,faers_modern,indi,ascii/INDI17Q1.txt,4,primaryid;caseid;indi_drug_seq;indi_pt,41219170
2017q1,faers_modern,outc,ascii/OUTC17Q1.txt,3,primaryid;caseid;outc_cod,5569260
2017q1,faers_modern,reac,ascii/REAC17Q1.txt,4,primaryid;caseid;pt;drug_rec_act,39282240
2017q1,faers_modern,rpsr,ascii/RPSR17Q1.txt,3,primaryid;caseid;rpsr_cod,312748
2017q1,faers_modern,ther,ascii/THER17Q1.txt,7,primaryid;caseid;dsg_drug_seq;start_dt;end_dt;dur;dur_cod,16479707
2017q2,faers_modern,demo,ascii/DEMO17Q2.txt,25,primaryid;caseid;caseversion;i_f_code;event_dt;mfr_dt;init_fda_dt;fda_dt;rept_cod;auth_num;mfr_num;mfr_sndr;lit_ref;age;age_cod;age_grp;sex;e_sub;wt;wt_cod;rept_dt;to_mfr;occp_cod;reporter_country;occr_country,47374150
2017q2,faers_modern,drug,ascii/DRUG17Q2.txt,20,primaryid;caseid;drug_seq;role_cod;drugname;prod_ai;val_vbm;route;dose_vbm;cum_dose_chr;cum_dose_unit;dechal;rechal;lot_num;exp_dt;nda_num;dose_amt;dose_unit;dose_form;dose_freq,111617470
2017q2,faers_modern,indi,ascii/INDI17Q2.txt,4,primaryid;caseid;indi_drug_seq;indi_pt,39097415
2017q2,faers_modern,outc,ascii/OUTC17Q2.txt,3,primaryid;caseid;outc_cod,5335483
2017q2,faers_modern,reac,ascii/REAC17Q2.txt,4,primaryid;caseid;pt;drug_rec_act,37578304
2017q2,faers_modern,rpsr,ascii/RPSR17Q2.txt,3,primaryid;caseid;rpsr_cod,366653
2017q2,faers_modern,ther,ascii/THER17Q2.txt,7,primaryid;caseid;dsg_drug_seq;start_dt;end_dt;dur;dur_cod,16490019
2017q3,faers_modern,demo,ascii/DEMO17Q3.txt,25,primaryid;caseid;caseversion;i_f_code;event_dt;mfr_dt;init_fda_dt;fda_dt;rept_cod;auth_num;mfr_num;mfr_sndr;lit_ref;age;age_cod;age_grp;sex;e_sub;wt;wt_cod;rept_dt;to_mfr;occp_cod;reporter_country;occr_country,49289468
2017q3,faers_modern,drug,ascii/DRUG17Q3.txt,20,primaryid;caseid;drug_seq;role_cod;drugname;prod_ai;val_vbm;route;dose_vbm;cum_dose_chr;cum_dose_unit;dechal;rechal;lot_num;exp_dt;nda_num;dose_amt;dose_unit;dose_form;dose_freq,114550683
2017q3,faers_modern,indi,ascii/INDI17Q3.txt,4,primaryid;caseid;indi_drug_seq;indi_pt,40449202
2017q3,faers_modern,outc,ascii/OUTC17Q3.txt,3,primaryid;caseid;outc_cod,5372967
2017q3,faers_modern,reac,ascii/REAC17Q3.txt,4,primaryid;caseid;pt;drug_rec_act,38871763
2017q3,faers_modern,rpsr,ascii/RPSR17Q3.txt,3,primaryid;caseid;rpsr_cod,359787
2017q3,faers_modern,ther,ascii/THER17Q3.txt,7,primaryid;caseid;dsg_drug_seq;start_dt;end_dt;dur;dur_cod,16060904
2017q4,faers_modern,demo,ascii/DEMO17Q4.txt,25,primaryid;caseid;caseversion;i_f_code;event_dt;mfr_dt;init_fda_dt;fda_dt;rept_cod;auth_num;mfr_num;mfr_sndr;lit_ref;age;age_cod;age_grp;sex;e_sub;wt;wt_cod;rept_dt;to_mfr;occp_cod;reporter_country;occr_country,46032157
2017q4,faers_modern,drug,ascii/DRUG17Q4.txt,20,primaryid;caseid;drug_seq;role_cod;drugname;prod_ai;val_vbm;route;dose_vbm;cum_dose_chr;cum_dose_unit;dechal;rechal;lot_num;exp_dt;nda_num;dose_amt;dose_unit;dose_form;dose_freq,112585653
2017q4,faers_modern,indi,ascii/INDI17Q4.txt,4,primaryid;caseid;indi_drug_seq;indi_pt,39994048
2017q4,faers_modern,outc,ascii/OUTC17Q4.txt,3,primaryid;caseid;outc_cod,5347855
2017q4,faers_modern,reac,ascii/REAC17Q4.txt,4,primaryid;caseid;pt;drug_rec_act,35644918
2017q4,faers_modern,rpsr,ascii/RPSR17Q4.txt,3,primaryid;caseid;rpsr_cod,341704
2017q4,faers_modern,ther,ascii/THER17Q4.txt,7,primaryid;caseid;dsg_drug_seq;start_dt;end_dt;dur;dur_cod,15651932
2018q1,faers_modern,demo,ascii/DEMO18Q1_new.txt,25,primaryid;caseid;caseversion;i_f_code;event_dt;mfr_dt;init_fda_dt;fda_dt;rept_cod;auth_num;mfr_num;mfr_sndr;lit_ref;age;age_cod;age_grp;sex;e_sub;wt;wt_cod;rept_dt;to_mfr;occp_cod;reporter_country;occr_country,57295695
2018q1,faers_modern,drug,ascii/DRUG18Q1.txt,20,primaryid;caseid;drug_seq;role_cod;drugname;prod_ai;val_vbm;route;dose_vbm;cum_dose_chr;cum_dose_unit;dechal;rechal;lot_num;exp_dt;nda_num;dose_amt;dose_unit;dose_form;dose_freq,159629633
2018q1,faers_modern,indi,ascii/INDI18Q1.txt,4,primaryid;caseid;indi_drug_seq;indi_pt,54427575
2018q1,faers_modern,outc,ascii/OUTC18Q1.txt,3,primaryid;caseid;outc_cod,6571067
2018q1,faers_modern,reac,ascii/REAC18Q1.txt,4,primaryid;caseid;pt;drug_rec_act,44808946
2018q1,faers_modern,rpsr,ascii/RPSR18Q1.txt,3,primaryid;caseid;rpsr_cod,432115
2018q1,faers_modern,ther,ascii/THER18Q1.txt,7,primaryid;caseid;dsg_drug_seq;start_dt;end_dt;dur;dur_cod,19561557
2018q2,faers_modern,demo,ascii/DEMO18Q2.txt,25,primaryid;caseid;caseversion;i_f_code;event_dt;mfr_dt;init_fda_dt;fda_dt;rept_cod;auth_num;mfr_num;mfr_sndr;lit_ref;age;age_cod;age_grp;sex;e_sub;wt;wt_cod;rept_dt;to_mfr;occp_cod;reporter_country;occr_country,63993619
2018q2,faers_modern,drug,ascii/DRUG18Q2.txt,20,primaryid;caseid;drug_seq;role_cod;drugname;prod_ai;val_vbm;route;dose_vbm;cum_dose_chr;cum_dose_unit;dechal;rechal;lot_num;exp_dt;nda_num;dose_amt;dose_unit;dose_form;dose_freq,190826251
2018q2,faers_modern,indi,ascii/INDI18Q2.txt,4,primaryid;caseid;indi_drug_seq;indi_pt,63605187
2018q2,faers_modern,outc,ascii/OUTC18Q2.txt,3,primaryid;caseid;outc_cod,7635332
2018q2,faers_modern,reac,ascii/REAC18Q2.txt,4,primaryid;caseid;pt;drug_rec_act,52893030
2018q2,faers_modern,rpsr,ascii/RPSR18Q2.txt,3,primaryid;caseid;rpsr_cod,367986
2018q2,faers_modern,ther,ascii/THER18Q2.txt,7,primaryid;caseid;dsg_drug_seq;start_dt;end_dt;dur;dur_cod,25152029
2018q3,faers_modern,demo,ascii/DEMO18Q3.txt,25,primaryid;caseid;caseversion;i_f_code;event_dt;mfr_dt;init_fda_dt;fda_dt;rept_cod;auth_num;mfr_num;mfr_sndr;lit_ref;age;age_cod;age_grp;sex;e_sub;wt;wt_cod;rept_dt;to_mfr;occp_cod;reporter_country;occr_country,58475712
2018q3,faers_modern,drug,ascii/DRUG18Q3.txt,20,primaryid;caseid;drug_seq;role_cod;drugname;prod_ai;val_vbm;route;dose_vbm;cum_dose_chr;cum_dose_unit;dechal;rechal;lot_num;exp_dt;nda_num;dose_amt;dose_unit;dose_form;dose_freq,157448825
2018q3,faers_modern,indi,ascii/INDI18Q3.txt,4,primaryid;caseid;indi_drug_seq;indi_pt,53827184
2018q3,faers_modern,outc,ascii/OUTC18Q3.txt,3,primaryid;caseid;outc_cod,6804689
2018q3,faers_modern,reac,ascii/REAC18Q3.txt,4,primaryid;caseid;pt;drug_rec_act,50596262
2018q3,faers_modern,rpsr,ascii/RPSR18Q3.txt,3,primaryid;caseid;rpsr_cod,552117
2018q3,faers_modern,ther,ascii/THER18Q3.txt,7,primaryid;caseid;dsg_drug_seq;start_dt;end_dt;dur;dur_cod,24247551
2018q4,faers_modern,demo,ascii/DEMO18Q4.txt,25,primaryid;caseid;caseversion;i_f_code;event_dt;mfr_dt;init_fda_dt;fda_dt;rept_cod;auth_num;mfr_num;mfr_sndr;lit_ref;age;age_cod;age_grp;sex;e_sub;wt;wt_cod;rept_dt;to_mfr;occp_cod;reporter_country;occr_country,55838338
2018q4,faers_modern,drug,ascii/DRUG18Q4.txt,20,primaryid;caseid;drug_seq;role_cod;drugname;prod_ai;val_vbm;route;dose_vbm;cum_dose_chr;cum_dose_unit;dechal;rechal;lot_num;exp_dt;nda_num;dose_amt;dose_unit;dose_form;dose_freq,146238557
2018q4,faers_modern,indi,ascii/INDI18Q4.txt,4,primaryid;caseid;indi_drug_seq;indi_pt,51103284
2018q4,faers_modern,outc,ascii/OUTC18Q4.txt,3,primaryid;caseid;outc_cod,6880092
2018q4,faers_modern,reac,ascii/REAC18Q4.txt,4,primaryid;caseid;pt;drug_rec_act,47997733
2018q4,faers_modern,rpsr,ascii/RPSR18Q4.txt,3,primaryid;caseid;rpsr_cod,488657
2018q4,faers_modern,ther,ascii/THER18Q4.txt,7,primaryid;caseid;dsg_drug_seq;start_dt;end_dt;dur;dur_cod,22509621
2019q1,faers_modern,demo,ascii/DEMO19Q1.txt,25,primaryid;caseid;caseversion;i_f_code;event_dt;mfr_dt;init_fda_dt;fda_dt;rept_cod;auth_num;mfr_num;mfr_sndr;lit_ref;age;age_cod;age_grp;sex;e_sub;wt;wt_cod;rept_dt;to_mfr;occp_cod;reporter_country;occr_country,59283294
2019q1,faers_modern,drug,ascii/DRUG19Q1.txt,20,primaryid;caseid;drug_seq;role_cod;drugname;prod_ai;val_vbm;route;dose_vbm;cum_dose_chr;cum_dose_unit;dechal;rechal;lot_num;exp_dt;nda_num;dose_amt;dose_unit;dose_form;dose_freq,155426092
2019q1,faers_modern,indi,ascii/INDI19Q1.txt,4,primaryid;caseid;indi_drug_seq;indi_pt,53261820
2019q1,faers_modern,outc,ascii/OUTC19Q1.txt,3,primaryid;caseid;outc_cod,7146318
2019q1,faers_modern,reac,ascii/REAC19Q1.txt,4,primaryid;caseid;pt;drug_rec_act,50031710
2019q1,faers_modern,rpsr,ascii/RPSR19Q1.txt,3,primaryid;caseid;rpsr_cod,371328
2019q1,faers_modern,ther,ascii/THER19Q1.txt,7,primaryid;caseid;dsg_drug_seq;start_dt;end_dt;dur;dur_cod,22742159
2019q2,faers_modern,demo,ascii/DEMO19Q2.txt,25,primaryid;caseid;caseversion;i_f_code;event_dt;mfr_dt;init_fda_dt;fda_dt;rept_cod;auth_num;mfr_num;mfr_sndr;lit_ref;age;age_cod;age_grp;sex;e_sub;wt;wt_cod;rept_dt;to_mfr;occp_cod;reporter_country;occr_country,61260566
2019q2,faers_modern,drug,ascii/DRUG19Q2.txt,20,primaryid;caseid;drug_seq;role_cod;drugname;prod_ai;val_vbm;route;dose_vbm;cum_dose_chr;cum_dose_unit;dechal;rechal;lot_num;exp_dt;nda_num;dose_amt;dose_unit;dose_form;dose_freq,176451390
2019q2,faers_modern,indi,ascii/INDI19Q2.txt,4,primaryid;caseid;indi_drug_seq;indi_pt,58363413
2019q2,faers_modern,outc,ascii/OUTC19Q2.txt,3,primaryid;caseid;outc_cod,7472059
2019q2,faers_modern,reac,ascii/REAC19Q2.txt,4,primaryid;caseid;pt;drug_rec_act,53853445
2019q2,faers_modern,rpsr,ascii/RPSR19Q2.txt,3,primaryid;caseid;rpsr_cod,547394
2019q2,faers_modern,ther,ascii/THER19Q2.txt,7,primaryid;caseid;dsg_drug_seq;start_dt;end_dt;dur;dur_cod,27259101
2019q3,faers_modern,demo,ascii/DEMO19Q3.txt,25,primaryid;caseid;caseversion;i_f_code;event_dt;mfr_dt;init_fda_dt;fda_dt;rept_cod;auth_num;mfr_num;mfr_sndr;lit_ref;age;age_cod;age_grp;sex;e_sub;wt;wt_cod;rept_dt;to_mfr;occp_cod;reporter_country;occr_country,63445050
2019q3,faers_modern,drug,ascii/DRUG19Q3.txt,20,primaryid;caseid;drug_seq;role_cod;drugname;prod_ai;val_vbm;route;dose_vbm;cum_dose_chr;cum_dose_unit;dechal;rechal;lot_num;exp_dt;nda_num;dose_amt;dose_unit;dose_form;dose_freq,191614704
2019q3,faers_modern,indi,ascii/INDI19Q3.txt,4,primaryid;caseid;indi_drug_seq;indi_pt,64170554
2019q3,faers_modern,outc,ascii/OUTC19Q3.txt,3,primaryid;caseid;outc_cod,7450926
2019q3,faers_modern,reac,ascii/REAC19Q3.txt,4,primaryid;caseid;pt;drug_rec_act,57519283
2019q3,faers_modern,rpsr,ascii/RPSR19Q3.txt,3,primaryid;caseid;rpsr_cod,478302
2019q3,faers_modern,ther,ascii/THER19Q3.txt,7,primaryid;caseid;dsg_drug_seq;start_dt;end_dt;dur;dur_cod,28568023
2019q4,faers_modern,demo,ascii/DEMO19Q4.txt,25,primaryid;caseid;caseversion;i_f_code;event_dt;mfr_dt;init_fda_dt;fda_dt;rept_cod;auth_num;mfr_num;mfr_sndr;lit_ref;age;age_cod;age_grp;sex;e_sub;wt;wt_cod;rept_dt;to_mfr;occp_cod;reporter_country;occr_country,58845064
2019q4,faers_modern,drug,ascii/DRUG19Q4.txt,20,primaryid;caseid;drug_seq;role_cod;drugname;prod_ai;val_vbm;route;dose_vbm;cum_dose_chr;cum_dose_unit;dechal;rechal;lot_num;exp_dt;nda_num;dose_amt;dose_unit;dose_form;dose_freq,162044576
2019q4,faers_modern,indi,ascii/INDI19Q4.txt,4,primaryid;caseid;indi_drug_seq;indi_pt,55568709
2019q4,faers_modern,outc,ascii/OUTC19Q4.txt,3,primaryid;caseid;outc_cod,7399596
2019q4,faers_modern,reac,ascii/REAC19Q4.txt,4,primaryid;caseid;pt;drug_rec_act,52135431
2019q4,faers_modern,rpsr,ascii/RPSR19Q4.txt,3,primaryid;caseid;rpsr_cod,551936
2019q4,faers_modern,ther,ascii/THER19Q4.txt,7,primaryid;caseid;dsg_drug_seq;start_dt;end_dt;dur;dur_cod,23377144
2020q1,faers_modern,demo,ASCII/DEMO20Q1.txt,25,primaryid;caseid;caseversion;i_f_code;event_dt;mfr_dt;init_fda_dt;fda_dt;rept_cod;auth_num;mfr_num;mfr_sndr;lit_ref;age;age_cod;age_grp;sex;e_sub;wt;wt_cod;rept_dt;to_mfr;occp_cod;reporter_country;occr_country,64959194
2020q1,faers_modern,drug,ASCII/DRUG20Q1.txt,20,primaryid;caseid;drug_seq;role_cod;drugname;prod_ai;val_vbm;route;dose_vbm;cum_dose_chr;cum_dose_unit;dechal;rechal;lot_num;exp_dt;nda_num;dose_amt;dose_unit;dose_form;dose_freq,185705675
2020q1,faers_modern,indi,ASCII/INDI20Q1.txt,4,primaryid;caseid;indi_drug_seq;indi_pt,63525140
2020q1,faers_modern,outc,ASCII/OUTC20Q1.txt,3,primaryid;caseid;outc_cod,7384543
2020q1,faers_modern,reac,ASCII/REAC20Q1.txt,4,primaryid;caseid;pt;drug_rec_act,56432895
2020q1,faers_modern,rpsr,ASCII/RPSR20Q1.txt,3,primaryid;caseid;rpsr_cod,344787
2020q1,faers_modern,ther,ASCII/THER20Q1.txt,7,primaryid;caseid;dsg_drug_seq;start_dt;end_dt;dur;dur_cod,25856062
2020q2,faers_modern,demo,ASCII/DEMO20Q2.txt,25,primaryid;caseid;caseversion;i_f_code;event_dt;mfr_dt;init_fda_dt;fda_dt;rept_cod;auth_num;mfr_num;mfr_sndr;lit_ref;age;age_cod;age_grp;sex;e_sub;wt;wt_cod;rept_dt;to_mfr;occp_cod;reporter_country;occr_country,59242277
2020q2,faers_modern,drug,ASCII/DRUG20Q2.txt,20,primaryid;caseid;drug_seq;role_cod;drugname;prod_ai;val_vbm;route;dose_vbm;cum_dose_chr;cum_dose_unit;dechal;rechal;lot_num;exp_dt;nda_num;dose_amt;dose_unit;dose_form;dose_freq,175848509
2020q2,faers_modern,indi,ASCII/INDI20Q2.txt,4,primaryid;caseid;indi_drug_seq;indi_pt,61092377
2020q2,faers_modern,outc,ASCII/OUTC20Q2.txt,3,primaryid;caseid;outc_cod,6769407
2020q2,faers_modern,reac,ASCII/REAC20Q2.txt,4,primaryid;caseid;pt;drug_rec_act,53458408
2020q2,faers_modern,rpsr,ASCII/RPSR20Q2.txt,3,primaryid;caseid;rpsr_cod,291066
2020q2,faers_modern,ther,ASCII/THER20Q2.txt,7,primaryid;caseid;dsg_drug_seq;start_dt;end_dt;dur;dur_cod,22600820
2020q3,faers_modern,demo,ASCII/DEMO20Q3.txt,25,primaryid;caseid;caseversion;i_f_code;event_dt;mfr_dt;init_fda_dt;fda_dt;rept_cod;auth_num;mfr_num;mfr_sndr;lit_ref;age;age_cod;age_grp;sex;e_sub;wt;wt_cod;rept_dt;to_mfr;occp_cod;reporter_country;occr_country,60531205
2020q3,faers_modern,drug,ASCII/DRUG20Q3.txt,20,primaryid;caseid;drug_seq;role_cod;drugname;prod_ai;val_vbm;route;dose_vbm;cum_dose_chr;cum_dose_unit;dechal;rechal;lot_num;exp_dt;nda_num;dose_amt;dose_unit;dose_form;dose_freq,181745059
2020q3,faers_modern,indi,ASCII/INDI20Q3.txt,4,primaryid;caseid;indi_drug_seq;indi_pt,61926190
2020q3,faers_modern,outc,ASCII/OUTC20Q3.txt,3,primaryid;caseid;outc_cod,8248630
2020q3,faers_modern,reac,ASCII/REAC20Q3.txt,4,primaryid;caseid;pt;drug_rec_act,55763927
2020q3,faers_modern,rpsr,ASCII/RPSR20Q3.txt,3,primaryid;caseid;rpsr_cod,397016
2020q3,faers_modern,ther,ASCII/THER20Q3.txt,7,primaryid;caseid;dsg_drug_seq;start_dt;end_dt;dur;dur_cod,23562434
2020q4,faers_modern,demo,ASCII/DEMO20Q4.txt,25,primaryid;caseid;caseversion;i_f_code;event_dt;mfr_dt;init_fda_dt;fda_dt;rept_cod;auth_num;mfr_num;mfr_sndr;lit_ref;age;age_cod;age_grp;sex;e_sub;wt;wt_cod;rept_dt;to_mfr;occp_cod;reporter_country;occr_country,62129162
2020q4,faers_modern,drug,ASCII/DRUG20Q4.txt,20,primaryid;caseid;drug_seq;role_cod;drugname;prod_ai;val_vbm;route;dose_vbm;cum_dose_chr;cum_dose_unit;dechal;rechal;lot_num;exp_dt;nda_num;dose_amt;dose_unit;dose_form;dose_freq,189401592
2020q4,faers_modern,indi,ASCII/INDI20Q4.txt,4,primaryid;caseid;indi_drug_seq;indi_pt,62884407
2020q4,faers_modern,outc,ASCII/OUTC20Q4.txt,3,primaryid;caseid;outc_cod,8413863
2020q4,faers_modern,reac,ASCII/REAC20Q4.txt,4,primaryid;caseid;pt;drug_rec_act,58420182
2020q4,faers_modern,rpsr,ASCII/RPSR20Q4.txt,3,primaryid;caseid;rpsr_cod,335704
2020q4,faers_modern,ther,ASCII/THER20Q4.txt,7,primaryid;caseid;dsg_drug_seq;start_dt;end_dt;dur;dur_cod,24711459
2021q1,faers_modern,demo,ASCII/DEMO21Q1.txt,25,primaryid;caseid;caseversion;i_f_code;event_dt;mfr_dt;init_fda_dt;fda_dt;rept_cod;auth_num;mfr_num;mfr_sndr;lit_ref;age;age_cod;age_grp;sex;e_sub;wt;wt_cod;rept_dt;to_mfr;occp_cod;reporter_country;occr_country,67218178
2021q1,faers_modern,drug,ASCII/DRUG21Q1.txt,20,primaryid;caseid;drug_seq;role_cod;drugname;prod_ai;val_vbm;route;dose_vbm;cum_dose_chr;cum_dose_unit;dechal;rechal;lot_num;exp_dt;nda_num;dose_amt;dose_unit;dose_form;dose_freq,215886278
2021q1,faers_modern,indi,ASCII/INDI21Q1.txt,4,primaryid;caseid;indi_drug_seq;indi_pt,74553602
2021q1,faers_modern,outc,ASCII/OUTC21Q1.txt,3,primaryid;caseid;outc_cod,8554073
2021q1,faers_modern,reac,ASCII/REAC21Q1.txt,4,primaryid;caseid;pt;drug_rec_act,57875181
2021q1,faers_modern,rpsr,ASCII/RPSR21Q1.txt,3,primaryid;caseid;rpsr_cod,326081
2021q1,faers_modern,ther,ASCII/THER21Q1.txt,7,primaryid;caseid;dsg_drug_seq;start_dt;end_dt;dur;dur_cod,28811753
2021q2,faers_modern,demo,ASCII/DEMO21Q2.txt,25,primaryid;caseid;caseversion;i_f_code;event_dt;mfr_dt;init_fda_dt;fda_dt;rept_cod;auth_num;mfr_num;mfr_sndr;lit_ref;age;age_cod;age_grp;sex;e_sub;wt;wt_cod;rept_dt;to_mfr;occp_cod;reporter_country;occr_country,67954207
2021q2,faers_modern,drug,ASCII/DRUG21Q2.txt,20,primaryid;caseid;drug_seq;role_cod;drugname;prod_ai;val_vbm;route;dose_vbm;cum_dose_chr;cum_dose_unit;dechal;rechal;lot_num;exp_dt;nda_num;dose_amt;dose_unit;dose_form;dose_freq,226648175
2021q2,faers_modern,indi,ASCII/INDI21Q2.txt,4,primaryid;caseid;indi_drug_seq;indi_pt,77639413
2021q2,faers_modern,outc,ASCII/OUTC21Q2.txt,3,primaryid;caseid;outc_cod,8835735
2021q2,faers_modern,reac,ASCII/REAC21Q2.txt,4,primaryid;caseid;pt;drug_rec_act,58598839
2021q2,faers_modern,rpsr,ASCII/RPSR21Q2.txt,3,primaryid;caseid;rpsr_cod,304996
2021q2,faers_modern,ther,ASCII/THER21Q2.txt,7,primaryid;caseid;dsg_drug_seq;start_dt;end_dt;dur;dur_cod,28944777
2021q3,faers_modern,demo,ASCII/DEMO21Q3.txt,25,primaryid;caseid;caseversion;i_f_code;event_dt;mfr_dt;init_fda_dt;fda_dt;rept_cod;auth_num;mfr_num;mfr_sndr;lit_ref;age;age_cod;age_grp;sex;e_sub;wt;wt_cod;rept_dt;to_mfr;occp_cod;reporter_country;occr_country,70973625
2021q3,faers_modern,drug,ASCII/DRUG21Q3.txt,20,primaryid;caseid;drug_seq;role_cod;drugname;prod_ai;val_vbm;route;dose_vbm;cum_dose_chr;cum_dose_unit;dechal;rechal;lot_num;exp_dt;nda_num;dose_amt;dose_unit;dose_form;dose_freq,224039760
2021q3,faers_modern,indi,ASCII/INDI21Q3.txt,4,primaryid;caseid;indi_drug_seq;indi_pt,73392700
2021q3,faers_modern,outc,ASCII/OUTC21Q3.txt,3,primaryid;caseid;outc_cod,9683245
2021q3,faers_modern,reac,ASCII/REAC21Q3.txt,4,primaryid;caseid;pt;drug_rec_act,59455037
2021q3,faers_modern,rpsr,ASCII/RPSR21Q3.txt,3,primaryid;caseid;rpsr_cod,391105
2021q3,faers_modern,ther,ASCII/THER21Q3.txt,7,primaryid;caseid;dsg_drug_seq;start_dt;end_dt;dur;dur_cod,31130203
2021q4,faers_modern,demo,ASCII/DEMO21Q4.txt,25,primaryid;caseid;caseversion;i_f_code;event_dt;mfr_dt;init_fda_dt;fda_dt;rept_cod;auth_num;mfr_num;mfr_sndr;lit_ref;age;age_cod;age_grp;sex;e_sub;wt;wt_cod;rept_dt;to_mfr;occp_cod;reporter_country;occr_country,59722017
2021q4,faers_modern,drug,ASCII/DRUG21Q4.txt,20,primaryid;caseid;drug_seq;role_cod;drugname;prod_ai;val_vbm;route;dose_vbm;cum_dose_chr;cum_dose_unit;dechal;rechal;lot_num;exp_dt;nda_num;dose_amt;dose_unit;dose_form;dose_freq,174149111
2021q4,faers_modern,indi,ASCII/INDI21Q4.txt,4,primaryid;caseid;indi_drug_seq;indi_pt,57494471
2021q4,faers_modern,outc,ASCII/OUTC21Q4.txt,3,primaryid;caseid;outc_cod,7421499
2021q4,faers_modern,reac,ASCII/REAC21Q4.txt,4,primaryid;caseid;pt;drug_rec_act,50801676
2021q4,faers_modern,rpsr,ASCII/RPSR21Q4.txt,3,primaryid;caseid;rpsr_cod,109704
2021q4,faers_modern,ther,ASCII/THER21Q4.txt,7,primaryid;caseid;dsg_drug_seq;start_dt;end_dt;dur;dur_cod,24320893
2022q1,faers_modern,demo,ASCII/DEMO22Q1.txt,25,primaryid;caseid;caseversion;i_f_code;event_dt;mfr_dt;init_fda_dt;fda_dt;rept_cod;auth_num;mfr_num;mfr_sndr;lit_ref;age;age_cod;age_grp;sex;e_sub;wt;wt_cod;rept_dt;to_mfr;occp_cod;reporter_country;occr_country,66926535
2022q1,faers_modern,drug,ASCII/DRUG22Q1.txt,20,primaryid;caseid;drug_seq;role_cod;drugname;prod_ai;val_vbm;route;dose_vbm;cum_dose_chr;cum_dose_unit;dechal;rechal;lot_num;exp_dt;nda_num;dose_amt;dose_unit;dose_form;dose_freq,196673753
2022q1,faers_modern,indi,ASCII/INDI22Q1.txt,4,primaryid;caseid;indi_drug_seq;indi_pt,62689604
2022q1,faers_modern,outc,ASCII/OUTC22Q1.txt,3,primaryid;caseid;outc_cod,8267467
2022q1,faers_modern,reac,ASCII/REAC22Q1.txt,4,primaryid;caseid;pt;drug_rec_act,57643112
2022q1,faers_modern,rpsr,ASCII/RPSR22Q1.txt,3,primaryid;caseid;rpsr_cod,291370
2022q1,faers_modern,ther,ASCII/THER22Q1.txt,7,primaryid;caseid;dsg_drug_seq;start_dt;end_dt;dur;dur_cod,27241781
2022q2,faers_modern,demo,ASCII/DEMO22Q2.txt,25,primaryid;caseid;caseversion;i_f_code;event_dt;mfr_dt;init_fda_dt;fda_dt;rept_cod;auth_num;mfr_num;mfr_sndr;lit_ref;age;age_cod;age_grp;sex;e_sub;wt;wt_cod;rept_dt;to_mfr;occp_cod;reporter_country;occr_country,62849513
2022q2,faers_modern,drug,ASCII/DRUG22Q2.txt,20,primaryid;caseid;drug_seq;role_cod;drugname;prod_ai;val_vbm;route;dose_vbm;cum_dose_chr;cum_dose_unit;dechal;rechal;lot_num;exp_dt;nda_num;dose_amt;dose_unit;dose_form;dose_freq,181503321
2022q2,faers_modern,indi,ASCII/INDI22Q2.txt,4,primaryid;caseid;indi_drug_seq;indi_pt,53542151
2022q2,faers_modern,outc,ASCII/OUTC22Q2.txt,3,primaryid;caseid;outc_cod,7164223
2022q2,faers_modern,reac,ASCII/REAC22Q2.txt,4,primaryid;caseid;pt;drug_rec_act,54969752
2022q2,faers_modern,rpsr,ASCII/RPSR22Q2.txt,3,primaryid;caseid;rpsr_cod,309087
2022q2,faers_modern,ther,ASCII/THER22Q2.txt,7,primaryid;caseid;dsg_drug_seq;start_dt;end_dt;dur;dur_cod,25125113
2022q3,faers_modern,demo,ASCII/DEMO22Q3.txt,25,primaryid;caseid;caseversion;i_f_code;event_dt;mfr_dt;init_fda_dt;fda_dt;rept_cod;auth_num;mfr_num;mfr_sndr;lit_ref;age;age_cod;age_grp;sex;e_sub;wt;wt_cod;rept_dt;to_mfr;occp_cod;reporter_country;occr_country,64040040
2022q3,faers_modern,drug,ASCII/DRUG22Q3.txt,20,primaryid;caseid;drug_seq;role_cod;drugname;prod_ai;val_vbm;route;dose_vbm;cum_dose_chr;cum_dose_unit;dechal;rechal;lot_num;exp_dt;nda_num;dose_amt;dose_unit;dose_form;dose_freq,181715784
2022q3,faers_modern,indi,ASCII/INDI22Q3.txt,4,primaryid;caseid;indi_drug_seq;indi_pt,54175272
2022q3,faers_modern,outc,ASCII/OUTC22Q3.txt,3,primaryid;caseid;outc_cod,7614808
2022q3,faers_modern,reac,ASCII/REAC22Q3.txt,4,primaryid;caseid;pt;drug_rec_act,54572050
2022q3,faers_modern,rpsr,ASCII/RPSR22Q3.txt,3,primaryid;caseid;rpsr_cod,328324
2022q3,faers_modern,ther,ASCII/THER22Q3.txt,7,primaryid;caseid;dsg_drug_seq;start_dt;end_dt;dur;dur_cod,26187460
2022q4,faers_modern,demo,ASCII/DEMO22Q4.txt,25,primaryid;caseid;caseversion;i_f_code;event_dt;mfr_dt;init_fda_dt;fda_dt;rept_cod;auth_num;mfr_num;mfr_sndr;lit_ref;age;age_cod;age_grp;sex;e_sub;wt;wt_cod;rept_dt;to_mfr;occp_cod;reporter_country;occr_country,68579826
2022q4,faers_modern,drug,ASCII/DRUG22Q4.txt,20,primaryid;caseid;drug_seq;role_cod;drugname;prod_ai;val_vbm;route;dose_vbm;cum_dose_chr;cum_dose_unit;dechal;rechal;lot_num;exp_dt;nda_num;dose_amt;dose_unit;dose_form;dose_freq,203357374
2022q4,faers_modern,indi,ASCII/INDI22Q4.txt,4,primaryid;caseid;indi_drug_seq;indi_pt,62467623
2022q4,faers_modern,outc,ASCII/OUTC22Q4.txt,3,primaryid;caseid;outc_cod,7371244
2022q4,faers_modern,reac,ASCII/REAC22Q4.txt,4,primaryid;caseid;pt;drug_rec_act,60406816
2022q4,faers_modern,rpsr,ASCII/RPSR22Q4.txt,3,primaryid;caseid;rpsr_cod,321159
2022q4,faers_modern,ther,ASCII/THER22Q4.txt,7,primaryid;caseid;dsg_drug_seq;start_dt;end_dt;dur;dur_cod,26687875
2023q1,faers_modern,demo,ASCII/DEMO23Q1.txt,25,primaryid;caseid;caseversion;i_f_code;event_dt;mfr_dt;init_fda_dt;fda_dt;rept_cod;auth_num;mfr_num;mfr_sndr;lit_ref;age;age_cod;age_grp;sex;e_sub;wt;wt_cod;rept_dt;to_mfr;occp_cod;reporter_country;occr_country,62674187
2023q1,faers_modern,drug,ASCII/DRUG23Q1.txt,20,primaryid;caseid;drug_seq;role_cod;drugname;prod_ai;val_vbm;route;dose_vbm;cum_dose_chr;cum_dose_unit;dechal;rechal;lot_num;exp_dt;nda_num;dose_amt;dose_unit;dose_form;dose_freq,190802276
2023q1,faers_modern,indi,ASCII/INDI23Q1.txt,4,primaryid;caseid;indi_drug_seq;indi_pt,55846992
2023q1,faers_modern,outc,ASCII/OUTC23Q1.txt,3,primaryid;caseid;outc_cod,6812294
2023q1,faers_modern,reac,ASCII/REAC23Q1.txt,4,primaryid;caseid;pt;drug_rec_act,56015929
2023q1,faers_modern,rpsr,ASCII/RPSR23Q1.txt,3,primaryid;caseid;rpsr_cod,310379
2023q1,faers_modern,ther,ASCII/THER23Q1.txt,7,primaryid;caseid;dsg_drug_seq;start_dt;end_dt;dur;dur_cod,25142115
2023q2,faers_modern,demo,ASCII/DEMO23Q2.txt,25,primaryid;caseid;caseversion;i_f_code;event_dt;mfr_dt;init_fda_dt;fda_dt;rept_cod;auth_num;mfr_num;mfr_sndr;lit_ref;age;age_cod;age_grp;sex;e_sub;wt;wt_cod;rept_dt;to_mfr;occp_cod;reporter_country;occr_country,60799458
2023q2,faers_modern,drug,ASCII/DRUG23Q2.txt,20,primaryid;caseid;drug_seq;role_cod;drugname;prod_ai;val_vbm;route;dose_vbm;cum_dose_chr;cum_dose_unit;dechal;rechal;lot_num;exp_dt;nda_num;dose_amt;dose_unit;dose_form;dose_freq,190247364
2023q2,faers_modern,indi,ASCII/INDI23Q2.txt,4,primaryid;caseid;indi_drug_seq;indi_pt,55231210
2023q2,faers_modern,outc,ASCII/OUTC23Q2.txt,3,primaryid;caseid;outc_cod,6686713
2023q2,faers_modern,reac,ASCII/REAC23Q2.txt,4,primaryid;caseid;pt;drug_rec_act,55612217
2023q2,faers_modern,rpsr,ASCII/RPSR23Q2.txt,3,primaryid;caseid;rpsr_cod,319358
2023q2,faers_modern,ther,ASCII/THER23Q2.txt,7,primaryid;caseid;dsg_drug_seq;start_dt;end_dt;dur;dur_cod,24774206
2023q3,faers_modern,demo,ASCII/DEMO23Q3.txt,25,primaryid;caseid;caseversion;i_f_code;event_dt;mfr_dt;init_fda_dt;fda_dt;rept_cod;auth_num;mfr_num;mfr_sndr;lit_ref;age;age_cod;age_grp;sex;e_sub;wt;wt_cod;rept_dt;to_mfr;occp_cod;reporter_country;occr_country,58702020
2023q3,faers_modern,drug,ASCII/DRUG23Q3.txt,20,primaryid;caseid;drug_seq;role_cod;drugname;prod_ai;val_vbm;route;dose_vbm;cum_dose_chr;cum_dose_unit;dechal;rechal;lot_num;exp_dt;nda_num;dose_amt;dose_unit;dose_form;dose_freq,178835696
2023q3,faers_modern,indi,ASCII/INDI23Q3.txt,4,primaryid;caseid;indi_drug_seq;indi_pt,50490277
2023q3,faers_modern,outc,ASCII/OUTC23Q3.txt,3,primaryid;caseid;outc_cod,6770933
2023q3,faers_modern,reac,ASCII/REAC23Q3.txt,4,primaryid;caseid;pt;drug_rec_act,51520155
2023q3,faers_modern,rpsr,ASCII/RPSR23Q3.txt,3,primaryid;caseid;rpsr_cod,257676
2023q3,faers_modern,ther,ASCII/THER23Q3.txt,7,primaryid;caseid;dsg_drug_seq;start_dt;end_dt;dur;dur_cod,21735200
2023q4,faers_modern,demo,ASCII/DEMO23Q4.txt,25,primaryid;caseid;caseversion;i_f_code;event_dt;mfr_dt;init_fda_dt;fda_dt;rept_cod;auth_num;mfr_num;mfr_sndr;lit_ref;age;age_cod;age_grp;sex;e_sub;wt;wt_cod;rept_dt;to_mfr;occp_cod;reporter_country;occr_country,60509503
2023q4,faers_modern,drug,ASCII/DRUG23Q4.txt,20,primaryid;caseid;drug_seq;role_cod;drugname;prod_ai;val_vbm;route;dose_vbm;cum_dose_chr;cum_dose_unit;dechal;rechal;lot_num;exp_dt;nda_num;dose_amt;dose_unit;dose_form;dose_freq,196015959
2023q4,faers_modern,indi,ASCII/INDI23Q4.txt,4,primaryid;caseid;indi_drug_seq;indi_pt,53070154
2023q4,faers_modern,outc,ASCII/OUTC23Q4.txt,3,primaryid;caseid;outc_cod,7222238
2023q4,faers_modern,reac,ASCII/REAC23Q4.txt,4,primaryid;caseid;pt;drug_rec_act,56431124
2023q4,faers_modern,rpsr,ASCII/RPSR23Q4.txt,3,primaryid;caseid;rpsr_cod,294539
2023q4,faers_modern,ther,ASCII/THER23Q4.txt,7,primaryid;caseid;dsg_drug_seq;start_dt;end_dt;dur;dur_cod,23127073
2024q1,faers_modern,demo,ASCII/DEMO24Q1.txt,25,primaryid;caseid;caseversion;i_f_code;event_dt;mfr_dt;init_fda_dt;fda_dt;rept_cod;auth_num;mfr_num;mfr_sndr;lit_ref;age;age_cod;age_grp;sex;e_sub;wt;wt_cod;rept_dt;to_mfr;occp_cod;reporter_country;occr_country,60171805
2024q1,faers_modern,drug,ASCII/DRUG24Q1.txt,20,primaryid;caseid;drug_seq;role_cod;drugname;prod_ai;val_vbm;route;dose_vbm;cum_dose_chr;cum_dose_unit;dechal;rechal;lot_num;exp_dt;nda_num;dose_amt;dose_unit;dose_form;dose_freq,195901139
2024q1,faers_modern,indi,ASCII/INDI24Q1.txt,4,primaryid;caseid;indi_drug_seq;indi_pt,58067345
2024q1,faers_modern,outc,ASCII/OUTC24Q1.txt,3,primaryid;caseid;outc_cod,6500396
2024q1,faers_modern,reac,ASCII/REAC24Q1.txt,4,primaryid;caseid;pt;drug_rec_act,55978904
2024q1,faers_modern,rpsr,ASCII/RPSR24Q1.txt,3,primaryid;caseid;rpsr_cod,276489
2024q1,faers_modern,ther,ASCII/THER24Q1.txt,7,primaryid;caseid;dsg_drug_seq;start_dt;end_dt;dur;dur_cod,21613154
2024q2,faers_modern,demo,ASCII/DEMO24Q2.txt,25,primaryid;caseid;caseversion;i_f_code;event_dt;mfr_dt;init_fda_dt;fda_dt;rept_cod;auth_num;mfr_num;mfr_sndr;lit_ref;age;age_cod;age_grp;sex;e_sub;wt;wt_cod;rept_dt;to_mfr;occp_cod;reporter_country;occr_country,59086409
2024q2,faers_modern,drug,ASCII/DRUG24Q2.txt,20,primaryid;caseid;drug_seq;role_cod;drugname;prod_ai;val_vbm;route;dose_vbm;cum_dose_chr;cum_dose_unit;dechal;rechal;lot_num;exp_dt;nda_num;dose_amt;dose_unit;dose_form;dose_freq,192407835
2024q2,faers_modern,indi,ASCII/INDI24Q2.txt,4,primaryid;caseid;indi_drug_seq;indi_pt,56975080
2024q2,faers_modern,outc,ASCII/OUTC24Q2.txt,3,primaryid;caseid;outc_cod,6423328
2024q2,faers_modern,reac,ASCII/REAC24Q2.txt,4,primaryid;caseid;pt;drug_rec_act,54647029
2024q2,faers_modern,rpsr,ASCII/RPSR24Q2.txt,3,primaryid;caseid;rpsr_cod,257023
2024q2,faers_modern,ther,ASCII/THER24Q2.txt,7,primaryid;caseid;dsg_drug_seq;start_dt;end_dt;dur;dur_cod,19519547
2024q3,faers_modern,demo,ASCII/DEMO24Q3.txt,25,primaryid;caseid;caseversion;i_f_code;event_dt;mfr_dt;init_fda_dt;fda_dt;rept_cod;auth_num;mfr_num;mfr_sndr;lit_ref;age;age_cod;age_grp;sex;e_sub;wt;wt_cod;rept_dt;to_mfr;occp_cod;reporter_country;occr_country,61185356
2024q3,faers_modern,drug,ASCII/DRUG24Q3.txt,20,primaryid;caseid;drug_seq;role_cod;drugname;prod_ai;val_vbm;route;dose_vbm;cum_dose_chr;cum_dose_unit;dechal;rechal;lot_num;exp_dt;nda_num;dose_amt;dose_unit;dose_form;dose_freq,195345042
2024q3,faers_modern,indi,ASCII/INDI24Q3.txt,4,primaryid;caseid;indi_drug_seq;indi_pt,57296970
2024q3,faers_modern,outc,ASCII/OUTC24Q3.txt,3,primaryid;caseid;outc_cod,6638831
2024q3,faers_modern,reac,ASCII/REAC24Q3.txt,4,primaryid;caseid;pt;drug_rec_act,55644922
2024q3,faers_modern,rpsr,ASCII/RPSR24Q3.txt,3,primaryid;caseid;rpsr_cod,235979
2024q3,faers_modern,ther,ASCII/THER24Q3.txt,7,primaryid;caseid;dsg_drug_seq;start_dt;end_dt;dur;dur_cod,19822919
2024q4,faers_modern,demo,ASCII/DEMO24Q4.txt,25,primaryid;caseid;caseversion;i_f_code;event_dt;mfr_dt;init_fda_dt;fda_dt;rept_cod;auth_num;mfr_num;mfr_sndr;lit_ref;age;age_cod;age_grp;sex;e_sub;wt;wt_cod;rept_dt;to_mfr;occp_cod;reporter_country;occr_country,62722869
2024q4,faers_modern,drug,ASCII/DRUG24Q4.txt,20,primaryid;caseid;drug_seq;role_cod;drugname;prod_ai;val_vbm;route;dose_vbm;cum_dose_chr;cum_dose_unit;dechal;rechal;lot_num;exp_dt;nda_num;dose_amt;dose_unit;dose_form;dose_freq,204514132
2024q4,faers_modern,indi,ASCII/INDI24Q4.txt,4,primaryid;caseid;indi_drug_seq;indi_pt,57916319
2024q4,faers_modern,outc,ASCII/OUTC24Q4.txt,3,primaryid;caseid;outc_cod,6806393
2024q4,faers_modern,reac,ASCII/REAC24Q4.txt,4,primaryid;caseid;pt;drug_rec_act,55699569
2024q4,faers_modern,rpsr,ASCII/RPSR24Q4.txt,3,primaryid;caseid;rpsr_cod,259776
2024q4,faers_modern,ther,ASCII/THER24Q4.txt,7,primaryid;caseid;dsg_drug_seq;start_dt;end_dt;dur;dur_cod,20341781
2025q1,faers_modern,demo,ASCII/DEMO25Q1.txt,25,primaryid;caseid;caseversion;i_f_code;event_dt;mfr_dt;init_fda_dt;fda_dt;rept_cod;auth_num;mfr_num;mfr_sndr;lit_ref;age;age_cod;age_grp;sex;e_sub;wt;wt_cod;rept_dt;to_mfr;occp_cod;reporter_country;occr_country,61709185
2025q1,faers_modern,drug,ASCII/DRUG25Q1.txt,20,primaryid;caseid;drug_seq;role_cod;drugname;prod_ai;val_vbm;route;dose_vbm;cum_dose_chr;cum_dose_unit;dechal;rechal;lot_num;exp_dt;nda_num;dose_amt;dose_unit;dose_form;dose_freq,202811856
2025q1,faers_modern,indi,ASCII/INDI25Q1.txt,4,primaryid;caseid;indi_drug_seq;indi_pt,57743246
2025q1,faers_modern,outc,ASCII/OUTC25Q1.txt,3,primaryid;caseid;outc_cod,6697990
2025q1,faers_modern,reac,ASCII/REAC25Q1.txt,4,primaryid;caseid;pt;drug_rec_act,54148218
2025q1,faers_modern,rpsr,ASCII/RPSR25Q1.txt,3,primaryid;caseid;rpsr_cod,247367
2025q1,faers_modern,ther,ASCII/THER25Q1.txt,7,primaryid;caseid;dsg_drug_seq;start_dt;end_dt;dur;dur_cod,18868704
2025q2,faers_modern,demo,ASCII/DEMO25Q2.txt,25,primaryid;caseid;caseversion;i_f_code;event_dt;mfr_dt;init_fda_dt;fda_dt;rept_cod;auth_num;mfr_num;mfr_sndr;lit_ref;age;age_cod;age_grp;sex;e_sub;wt;wt_cod;rept_dt;to_mfr;occp_cod;reporter_country;occr_country,60642139
2025q2,faers_modern,drug,ASCII/DRUG25Q2.txt,20,primaryid;caseid;drug_seq;role_cod;drugname;prod_ai;val_vbm;route;dose_vbm;cum_dose_chr;cum_dose_unit;dechal;rechal;lot_num;exp_dt;nda_num;dose_amt;dose_unit;dose_form;dose_freq,185067205
2025q2,faers_modern,indi,ASCII/INDI25Q2.txt,4,primaryid;caseid;indi_drug_seq;indi_pt,54219100
2025q2,faers_modern,outc,ASCII/OUTC25Q2.txt,3,primaryid;caseid;outc_cod,6511033
2025q2,faers_modern,reac,ASCII/REAC25Q2.txt,4,primaryid;caseid;pt;drug_rec_act,50822957
2025q2,faers_modern,rpsr,ASCII/RPSR25Q2.txt,3,primaryid;caseid;rpsr_cod,250327
2025q2,faers_modern,ther,ASCII/THER25Q2.txt,7,primaryid;caseid;dsg_drug_seq;start_dt;end_dt;dur;dur_cod,18789146
2025q3,faers_modern,drug,ASCII/DRUG25Q3.txt,20,primaryid;caseid;drug_seq;role_cod;drugname;prod_ai;val_vbm;route;dose_vbm;cum_dose_chr;cum_dose_unit;dechal;rechal;lot_num;exp_dt;nda_num;dose_amt;dose_unit;dose_form;dose_freq,213874965
2025q3,faers_modern,indi,ASCII/INDI25Q3.txt,4,primaryid;caseid;indi_drug_seq;indi_pt,62661865
2025q3,faers_modern,reac,ASCII/REAC25Q3.txt,4,primaryid;caseid;pt;drug_rec_act,58038057
2025q3,faers_modern,rpsr,ASCII/RPSR25Q3.txt,3,primaryid;caseid;rpsr_cod,251375
2025q3,faers_modern,demo,ASCII/DEMO25Q3.txt,25,primaryid;caseid;caseversion;i_f_code;event_dt;mfr_dt;init_fda_dt;fda_dt;rept_cod;auth_num;mfr_num;mfr_sndr;lit_ref;age;age_cod;age_grp;sex;e_sub;wt;wt_cod;rept_dt;to_mfr;occp_cod;reporter_country;occr_country,67869394
2025q3,faers_modern,outc,ASCII/OUTC25Q3.txt,3,primaryid;caseid;outc_cod,7559153
2025q3,faers_modern,ther,ASCII/THER25Q3.txt,7,primaryid;caseid;dsg_drug_seq;start_dt;end_dt;dur;dur_cod,18718859
2025q4,faers_modern,ther,ASCII/THER25Q4.txt,7,primaryid;caseid;dsg_drug_seq;start_dt;end_dt;dur;dur_cod,16657037
2025q4,faers_modern,reac,ASCII/REAC25Q4.txt,4,primaryid;caseid;pt;drug_rec_act,51214752
2025q4,faers_modern,indi,ASCII/INDI25Q4.txt,4,primaryid;caseid;indi_drug_seq;indi_pt,55992546
2025q4,faers_modern,rpsr,ASCII/RPSR25Q4.txt,3,primaryid;caseid;rpsr_cod,242471
2025q4,faers_modern,outc,ASCII/OUTC25Q4.txt,3,primaryid;caseid;outc_cod,6381632
2025q4,faers_modern,demo,ASCII/DEMO25Q4.txt,25,primaryid;caseid;caseversion;i_f_code;event_dt;mfr_dt;init_fda_dt;fda_dt;rept_cod;auth_num;mfr_num;mfr_sndr;lit_ref;age;age_cod;age_grp;sex;e_sub;wt;wt_cod;rept_dt;to_mfr;occp_cod;reporter_country;occr_country,58610237
2025q4,faers_modern,drug,ASCII/DRUG25Q4.txt,20,primaryid;caseid;drug_seq;role_cod;drugname;prod_ai;val_vbm;route;dose_vbm;cum_dose_chr;cum_dose_unit;dechal;rechal;lot_num;exp_dt;nda_num;dose_amt;dose_unit;dose_form;dose_freq,181992344
2026q1,faers_modern,demo,ASCII/DEMO26Q1.txt,25,primaryid;caseid;caseversion;i_f_code;event_dt;mfr_dt;init_fda_dt;fda_dt;rept_cod;auth_num;mfr_num;mfr_sndr;lit_ref;age;age_cod;age_grp;sex;e_sub;wt;wt_cod;rept_dt;to_mfr;occp_cod;reporter_country;occr_country,58886589
2026q1,faers_modern,indi,ASCII/INDI26Q1.txt,4,primaryid;caseid;indi_drug_seq;indi_pt,54681897
2026q1,faers_modern,drug,ASCII/DRUG26Q1.txt,20,primaryid;caseid;drug_seq;role_cod;drugname;prod_ai;val_vbm;route;dose_vbm;cum_dose_chr;cum_dose_unit;dechal;rechal;lot_num;exp_dt;nda_num;dose_amt;dose_unit;dose_form;dose_freq,165197138
2026q1,faers_modern,ther,ASCII/THER26Q1.txt,7,primaryid;caseid;dsg_drug_seq;start_dt;end_dt;dur;dur_cod,14931147
2026q1,faers_modern,rpsr,ASCII/RPSR26Q1.txt,3,primaryid;caseid;rpsr_cod,258786
2026q1,faers_modern,outc,ASCII/OUTC26Q1.txt,3,primaryid;caseid;outc_cod,6420541
2026q1,faers_modern,reac,ASCII/REAC26Q1.txt,4,primaryid;caseid;pt;drug_rec_act,50295349
2026q2,faers_modern,demo,ASCII/DEMO26Q2.txt,25,primaryid;caseid;caseversion;i_f_code;event_dt;mfr_dt;init_fda_dt;fda_dt;rept_cod;auth_num;mfr_num;mfr_sndr;lit_ref;age;age_cod;age_grp;sex;e_sub;wt;wt_cod;rept_dt;to_mfr;occp_cod;reporter_country;occr_country,58592946
2026q2,faers_modern,ther,ASCII/THER26Q2.txt,7,primaryid;caseid;dsg_drug_seq;start_dt;end_dt;dur;dur_cod,12279656
2026q2,faers_modern,outc,ASCII/OUTC26Q2.txt,3,primaryid;caseid;outc_cod,6686170
2026q2,faers_modern,drug,ASCII/DRUG26Q2.txt,20,primaryid;caseid;drug_seq;role_cod;drugname;prod_ai;val_vbm;route;dose_vbm;cum_dose_chr;cum_dose_unit;dechal;rechal;lot_num;exp_dt;nda_num;dose_amt;dose_unit;dose_form;dose_freq,151093015
2026q2,faers_modern,rpsr,ASCII/RPSR26Q2.txt,3,primaryid;caseid;rpsr_cod,256296
2026q2,faers_modern,reac,ASCII/REAC26Q2.txt,4,primaryid;caseid;pt;drug_rec_act,52649458
2026q2,faers_modern,indi,ASCII/INDI26Q2.txt,4,primaryid;caseid;indi_drug_seq;indi_pt,53387579
