quarter,era,filename,url,bytes,sha256,n_members,zip_ok,cached,error,retrieved_utc,members
2004q1,laers,aers_ascii_2004q1.zip,https://fis.fda.gov/content/Exports/aers_ascii_2004q1.zip,7582957,649ed8ec2b30b5e5c2824a3a7a5b37473652293a77988e677d638d73f9a34423,12,True,True,,2026-08-02T21:58:03+00:00,README.doc;SIZE04Q1.TXT;ascii/;ascii/Asc_nts.doc;ascii/DEMO04Q1.TXT;ascii/DRUG04Q1.TXT;ascii/INDI04Q1.TXT;ascii/OUTC04Q1.TXT;ascii/REAC04Q1.TXT;ascii/RPSR04Q1.TXT;ascii/STAT04Q1.TXT;ascii/THER04Q1.TXT
2004q2,laers,aers_ascii_2004q2.zip,https://fis.fda.gov/content/Exports/aers_ascii_2004q2.zip,7416958,56530ed14e0591df2827a9a68152cf80e2d621cba2efc00adfa6e817448193c9,12,True,True,,2026-08-02T21:58:03+00:00,README.doc;SIZE04Q2.TXT;ascii/;ascii/Asc_nts.doc;ascii/DEMO04Q2.TXT;ascii/DRUG04Q2.TXT;ascii/INDI04Q2.TXT;ascii/OUTC04Q2.TXT;ascii/REAC04Q2.TXT;ascii/RPSR04Q2.TXT;ascii/STAT04Q2.TXT;ascii/THER04Q2.TXT
2004q3,laers,aers_ascii_2004q3.zip,https://fis.fda.gov/content/Exports/aers_ascii_2004q3.zip,8500763,7e7038c03173764e26bd10246bb1fb4504729273cf1ef46251758383131daebc,12,True,True,,2026-08-02T21:58:03+00:00,README.doc;SIZE04Q3.TXT;ascii/;ascii/Asc_nts.doc;ascii/DEMO04Q3.TXT;ascii/DRUG04Q3.TXT;ascii/INDI04Q3.TXT;ascii/OUTC04Q3.TXT;ascii/REAC04Q3.TXT;ascii/RPSR04Q3.TXT;ascii/STAT04Q3.TXT;ascii/THER04Q3.TXT
2004q4,laers,aers_ascii_2004q4.zip,https://fis.fda.gov/content/Exports/aers_ascii_2004q4.zip,8472199,f947231a6f353c45b903c016c5f0165cedace07b310c602c4a2baaa896248d5c,12,True,True,,2026-08-02T21:58:03+00:00,README.doc;SIZE04Q4.TXT;ascii/;ascii/Asc_nts.doc;ascii/DEMO04Q4.TXT;ascii/DRUG04Q4.TXT;ascii/INDI04Q4.TXT;ascii/OUTC04Q4.TXT;ascii/REAC04Q4.TXT;ascii/RPSR04Q4.TXT;ascii/STAT04Q4.TXT;ascii/THER04Q4.TXT
2005q1,laers,aers_ascii_2005q1.zip,https://fis.fda.gov/content/Exports/aers_ascii_2005q1.zip,8864096,bd1a8df126d5b6c445e3c49bdbaf08c51751edecf6c6293475879cde8d3088c4,12,True,True,,2026-08-02T21:58:03+00:00,README.doc;SIZE05Q1.TXT;ascii/;ascii/Asc_nts.doc;ascii/DEMO05Q1.TXT;ascii/DRUG05Q1.TXT;ascii/INDI05Q1.TXT;ascii/OUTC05Q1.TXT;ascii/REAC05Q1.TXT;ascii/RPSR05Q1.TXT;ascii/STAT05Q1.TXT;ascii/THER05Q1.TXT
2005q2,laers,aers_ascii_2005q2.zip,https://fis.fda.gov/content/Exports/aers_ascii_2005q2.zip,9878062,65c4a4ae063f010ca45c2a1844a4a27e26c70759f284053829e3bd79c693a7f7,12,True,True,,2026-08-02T21:58:03+00:00,README.doc;SIZE05Q2.TXT;ascii/;ascii/Asc_nts.doc;ascii/DEMO05Q2.TXT;ascii/DRUG05Q2.TXT;ascii/INDI05Q2.TXT;ascii/OUTC05Q2.TXT;ascii/REAC05Q2.TXT;ascii/RPSR05Q2.TXT;ascii/STAT05Q2.TXT;ascii/THER05Q2.TXT
2005q3,laers,aers_ascii_2005q3.zip,https://fis.fda.gov/content/Exports/aers_ascii_2005q3.zip,9750897,ecada88b99a000db59cb6ada1c3b00414107fc67d8602122044e4b3af2adbd02,12,True,True,,2026-08-02T21:58:03+00:00,README.doc;SIZE05Q3.TXT;ascii/;ascii/Asc_nts.doc;ascii/DEMO05Q3.TXT;ascii/DRUG05Q3.TXT;ascii/INDI05Q3.TXT;ascii/OUTC05Q3.TXT;ascii/REAC05Q3.TXT;ascii/RPSR05Q3.TXT;ascii/STAT05Q3.TXT;ascii/THER05Q3.TXT
2005q4,laers,aers_ascii_2005q4.zip,https://fis.fda.gov/content/Exports/aers_ascii_2005q4.zip,10089154,09fd999756fa3cea44a093930ec73970cd22f102ec26239faf4a809bfdfa4efd,12,True,True,,2026-08-02T21:58:03+00:00,README.doc;SIZE05Q4.TXT;ascii/;ascii/Asc_nts.doc;ascii/DEMO05Q4.TXT;ascii/DRUG05Q4.TXT;ascii/INDI05Q4.TXT;ascii/OUTC05Q4.TXT;ascii/REAC05Q4.TXT;ascii/RPSR05Q4.TXT;ascii/STAT05Q4.TXT;ascii/THER05Q4.TXT
2006q1,laers,aers_ascii_2006q1.zip,https://fis.fda.gov/content/Exports/aers_ascii_2006q1.zip,10848783,5f53a8c90d9540c1fa30f45ca85a8845186f732fe0205739b32d6eda0f6f204f,12,True,True,,2026-08-02T21:58:03+00:00,README.doc;SIZE06Q1.TXT;ascii/;ascii/Asc_nts.doc;ascii/DEMO06Q1.TXT;ascii/DRUG06Q1.TXT;ascii/INDI06Q1.TXT;ascii/OUTC06Q1.TXT;ascii/REAC06Q1.TXT;ascii/RPSR06Q1.TXT;ascii/STAT06Q1.TXT;ascii/THER06Q1.TXT
2006q2,laers,aers_ascii_2006q2.zip,https://fis.fda.gov/content/Exports/aers_ascii_2006q2.zip,10154467,c439e539872e5cf09a1e038957b0edad9e7f8798b91879dcd7b5259029310f3b,12,True,True,,2026-08-02T21:58:03+00:00,README.doc;SIZE06Q2.TXT;ascii/;ascii/Asc_nts.doc;ascii/DEMO06Q2.TXT;ascii/DRUG06Q2.TXT;ascii/INDI06Q2.TXT;ascii/OUTC06Q2.TXT;ascii/REAC06Q2.TXT;ascii/RPSR06Q2.TXT;ascii/STAT06Q2.TXT;ascii/THER06Q2.TXT
2006q3,laers,aers_ascii_2006q3.zip,https://fis.fda.gov/content/Exports/aers_ascii_2006q3.zip,8829761,f19ea119bb55bd6e94304ce6f99a06f09f80f597034316889713ac8fb768de83,12,True,True,,2026-08-02T21:58:03+00:00,README.doc;SIZE06Q3.TXT;ascii/;ascii/Asc_nts.doc;ascii/DEMO06Q3.TXT;ascii/DRUG06Q3.TXT;ascii/INDI06Q3.TXT;ascii/OUTC06Q3.TXT;ascii/REAC06Q3.TXT;ascii/RPSR06Q3.TXT;ascii/STAT06Q3.TXT;ascii/THER06Q3.TXT
2006q4,laers,aers_ascii_2006q4.zip,https://fis.fda.gov/content/Exports/aers_ascii_2006q4.zip,9496715,b6462e1cd32396178b9b47bca448a1db3eaa6318e420dd3bf4d8780197f2f9d4,12,True,True,,2026-08-02T21:58:03+00:00,README.doc;SIZE06Q4.TXT;ascii/;ascii/Asc_nts.doc;ascii/DEMO06Q4.TXT;ascii/DRUG06Q4.TXT;ascii/INDI06Q4.TXT;ascii/OUTC06Q4.TXT;ascii/REAC06Q4.TXT;ascii/RPSR06Q4.TXT;ascii/STAT06Q4.TXT;ascii/THER06Q4.TXT
2007q1,laers,aers_ascii_2007q1.zip,https://fis.fda.gov/content/Exports/aers_ascii_2007q1.zip,9981098,1c52dbfc876f4bf68657f091ea31c9a91a97907bffecdf5641eca53906781c75,12,True,True,,2026-08-02T21:58:03+00:00,README.doc;SIZE07Q1.TXT;ascii/;ascii/Asc_nts.doc;ascii/DEMO07Q1.TXT;ascii/DRUG07Q1.TXT;ascii/INDI07Q1.TXT;ascii/OUTC07Q1.TXT;ascii/REAC07Q1.TXT;ascii/RPSR07Q1.TXT;ascii/STAT07Q1.TXT;ascii/THER07Q1.TXT
2007q2,laers,aers_ascii_2007q2.zip,https://fis.fda.gov/content/Exports/aers_ascii_2007q2.zip,9858668,27d4796132da3e09b1b87548f11bc911b705c02117630bb0e11073208ffcc315,12,True,True,,2026-08-02T21:58:03+00:00,README.doc;SIZE07Q2.TXT;ascii/;ascii/Asc_nts.doc;ascii/DEMO07Q2.TXT;ascii/DRUG07Q2.TXT;ascii/INDI07Q2.TXT;ascii/OUTC07Q2.TXT;ascii/REAC07Q2.TXT;ascii/RPSR07Q2.TXT;ascii/STAT07Q2.TXT;ascii/THER07Q2.TXT
2007q3,laers,aers_ascii_2007q3.zip,https://fis.fda.gov/content/Exports/aers_ascii_2007q3.zip,10338532,be50abfdc1ea56243285d225aefae0396e96e5fc6acee7a0a99e16f656dfa5ab,12,True,True,,2026-08-02T21:58:03+00:00,README.doc;SIZE07Q3.TXT;ascii/;ascii/Asc_nts.doc;ascii/DEMO07Q3.TXT;ascii/DRUG07Q3.TXT;ascii/INDI07Q3.TXT;ascii/OUTC07Q3.TXT;ascii/REAC07Q3.TXT;ascii/RPSR07Q3.TXT;ascii/STAT07Q3.TXT;ascii/THER07Q3.TXT
2007q4,laers,aers_ascii_2007q4.zip,https://fis.fda.gov/content/Exports/aers_ascii_2007q4.zip,11799308,1c3609d31f4d3c45a5ac3446ebf7b34b1f847989de6ea0bd785937a6cea5fb64,12,True,True,,2026-08-02T21:58:03+00:00,README.doc;SIZE07Q4.TXT;ascii/;ascii/Asc_nts.doc;ascii/DEMO07Q4.TXT;ascii/DRUG07Q4.TXT;ascii/INDI07Q4.TXT;ascii/OUTC07Q4.TXT;ascii/REAC07Q4.TXT;ascii/RPSR07Q4.TXT;ascii/STAT07Q4.TXT;ascii/THER07Q4.TXT
2008q1,laers,aers_ascii_2008q1.zip,https://fis.fda.gov/content/Exports/aers_ascii_2008q1.zip,11836889,68e81775336ea8f52206a83b06db9dd00aeded58d3f5a923c8955c3535040d28,12,True,True,,2026-08-02T21:58:03+00:00,README.doc;SIZE08Q1.TXT;ascii/;ascii/Asc_nts.doc;ascii/DEMO08Q1.TXT;ascii/DRUG08Q1.TXT;ascii/INDI08Q1.TXT;ascii/OUTC08Q1.TXT;ascii/REAC08Q1.TXT;ascii/RPSR08Q1.TXT;ascii/STAT08Q1.TXT;ascii/THER08Q1.TXT
2008q2,laers,aers_ascii_2008q2.zip,https://fis.fda.gov/content/Exports/aers_ascii_2008q2.zip,12457874,4225577655b45f9601d0cbb021455f9ba9aae538738679ee07e67800551c6393,12,True,True,,2026-08-02T21:58:03+00:00,README.doc;SIZE08Q2.TXT;ascii/;ascii/Asc_nts.doc;ascii/DEMO08Q2.TXT;ascii/DRUG08Q2.TXT;ascii/INDI08Q2.TXT;ascii/OUTC08Q2.TXT;ascii/REAC08Q2.TXT;ascii/RPSR08Q2.TXT;ascii/STAT08Q2.TXT;ascii/THER08Q2.TXT
2008q3,laers,aers_ascii_2008q3.zip,https://fis.fda.gov/content/Exports/aers_ascii_2008q3.zip,12777009,04f05a6d13080d292c0ff82fa6cac33ef5669808036cc17eb71a468403b0c38e,12,True,True,,2026-08-02T21:58:03+00:00,README.doc;SIZE08Q3.TXT;ascii/;ascii/Asc_nts.doc;ascii/DEMO08Q3.TXT;ascii/DRUG08Q3.TXT;ascii/INDI08Q3.TXT;ascii/OUTC08Q3.TXT;ascii/REAC08Q3.TXT;ascii/RPSR08Q3.TXT;ascii/STAT08Q3.TXT;ascii/THER08Q3.TXT
2008q4,laers,aers_ascii_2008q4.zip,https://fis.fda.gov/content/Exports/aers_ascii_2008q4.zip,13417442,87376f80c79a71059bdfe21c886941bf5f42fcd0ac386f477d92d018a9a9f44f,12,True,True,,2026-08-02T21:58:03+00:00,README.doc;SIZE08Q4.TXT;ascii/;ascii/Asc_nts.doc;ascii/DEMO08Q4.TXT;ascii/DRUG08Q4.TXT;ascii/INDI08Q4.TXT;ascii/OUTC08Q4.TXT;ascii/REAC08Q4.TXT;ascii/RPSR08Q4.TXT;ascii/STAT08Q4.TXT;ascii/THER08Q4.TXT
2009q1,laers,aers_ascii_2009q1.zip,https://fis.fda.gov/content/Exports/aers_ascii_2009q1.zip,12962181,e16a488d37809de50d1a2219cac037eb2a0666a0c64195f56812af44b3033ae4,12,True,True,,2026-08-02T21:58:03+00:00,README.doc;SIZE09Q1.TXT;ascii/;ascii/Asc_nts.doc;ascii/DEMO09Q1.TXT;ascii/DRUG09Q1.TXT;ascii/INDI09Q1.TXT;ascii/OUTC09Q1.TXT;ascii/REAC09Q1.TXT;ascii/RPSR09Q1.TXT;ascii/STAT09Q1.TXT;ascii/THER09Q1.TXT
2009q2,laers,aers_ascii_2009q2.zip,https://fis.fda.gov/content/Exports/aers_ascii_2009q2.zip,14181560,50bb732ee27235cd455a204b807d2ec333467655d35afe97087a0f89f2b6ed02,12,True,True,,2026-08-02T21:58:03+00:00,README.doc;SIZE09Q2.TXT;ascii/;ascii/Asc_nts.doc;ascii/DEMO09Q2.TXT;ascii/DRUG09Q2.TXT;ascii/INDI09Q2.TXT;ascii/OUTC09Q2.TXT;ascii/REAC09Q2.TXT;ascii/RPSR09Q2.TXT;ascii/STAT09Q2.TXT;ascii/THER09Q2.TXT
2009q3,laers,aers_ascii_2009q3.zip,https://fis.fda.gov/content/Exports/aers_ascii_2009q3.zip,15742018,7f664875b46925da52059b067ed71172a78d1dd2a29f4bcc7fc91f1ccc56c1a4,12,True,True,,2026-08-02T21:58:03+00:00,README.doc;SIZE09Q3.TXT;ascii/;ascii/Asc_nts.doc;ascii/DEMO09Q3.TXT;ascii/DRUG09Q3.TXT;ascii/INDI09Q3.TXT;ascii/OUTC09Q3.TXT;ascii/REAC09Q3.TXT;ascii/RPSR09Q3.TXT;ascii/STAT09Q3.TXT;ascii/THER09Q3.TXT
2009q4,laers,aers_ascii_2009q4.zip,https://fis.fda.gov/content/Exports/aers_ascii_2009q4.zip,16178543,075e050ccd580ba093fca003dd64985e486e3685cb32aa6e914ef89437b7d602,12,True,True,,2026-08-02T21:58:03+00:00,README.doc;SIZE09Q4.TXT;ascii/;ascii/Asc_nts.doc;ascii/DEMO09Q4.TXT;ascii/DRUG09Q4.TXT;ascii/INDI09Q4.TXT;ascii/OUTC09Q4.TXT;ascii/REAC09Q4.TXT;ascii/RPSR09Q4.TXT;ascii/STAT09Q4.TXT;ascii/THER09Q4.TXT
2010q1,laers,aers_ascii_2010q1.zip,https://fis.fda.gov/content/Exports/aers_ascii_2010q1.zip,16227970,1e67423d3c4f9f6c6f257220248ff84ccfe5f9bd758fa7e0a25c7b7b6828928b,12,True,True,,2026-08-02T21:58:03+00:00,README.doc;SIZE10Q1.TXT;ascii/;ascii/Asc_nts.doc;ascii/DEMO10Q1.TXT;ascii/DRUG10Q1.TXT;ascii/INDI10Q1.TXT;ascii/OUTC10Q1.TXT;ascii/REAC10Q1.TXT;ascii/RPSR10Q1.TXT;ascii/STAT10Q1.TXT;ascii/THER10Q1.TXT
2010q2,laers,aers_ascii_2010q2.zip,https://fis.fda.gov/content/Exports/aers_ascii_2010q2.zip,15570967,f7ed8d615653a8d412db3e9bffe9d692bc2325c5bd82ab3b3c1f73a03e71e7ec,12,True,True,,2026-08-02T21:58:03+00:00,README.doc;SIZE10Q2.TXT;ascii/;ascii/Asc_nts.doc;ascii/DEMO10Q2.TXT;ascii/DRUG10Q2.TXT;ascii/INDI10Q2.TXT;ascii/OUTC10Q2.TXT;ascii/REAC10Q2.TXT;ascii/RPSR10Q2.TXT;ascii/STAT10Q2.TXT;ascii/THER10Q2.TXT
2010q3,laers,aers_ascii_2010q3.zip,https://fis.fda.gov/content/Exports/aers_ascii_2010q3.zip,22853921,764cd01cb965ea12d4c2e1b6e987a24229775cd0f504b8bf5d7f24f3d8fd2bb9,12,True,True,,2026-08-02T21:58:03+00:00,README.doc;SIZE10Q3.TXT;ascii/;ascii/Asc_nts.doc;ascii/DEMO10Q3.TXT;ascii/DRUG10Q3.TXT;ascii/INDI10Q3.TXT;ascii/OUTC10Q3.TXT;ascii/REAC10Q3.TXT;ascii/RPSR10Q3.TXT;ascii/STAT10Q3.TXT;ascii/THER10Q3.TXT
2010q4,laers,aers_ascii_2010q4.zip,https://fis.fda.gov/content/Exports/aers_ascii_2010q4.zip,20191549,a817e7c8d6121c4f0506b9e21a5dc212904993a987e3fd525f256757942f7285,12,True,True,,2026-08-02T21:58:03+00:00,README.doc;SIZE10Q4.TXT;ascii/;ascii/Asc_nts.doc;ascii/DEMO10Q4.TXT;ascii/DRUG10Q4.TXT;ascii/INDI10Q4.TXT;ascii/OUTC10Q4.TXT;ascii/REAC10Q4.TXT;ascii/RPSR10Q4.TXT;ascii/STAT10Q4.TXT;ascii/THER10Q4.TXT
2011q1,laers,aers_ascii_2011q1.zip,https://fis.fda.gov/content/Exports/aers_ascii_2011q1.zip,21342818,734f8847a4777c7502a1e86f93e49c622169c01f485e83dfadeb497a22d8c6b5,12,True,True,,2026-08-02T21:58:03+00:00,README.doc;SIZE11Q1.TXT;ascii/;ascii/Asc_nts.doc;ascii/DEMO11Q1.TXT;ascii/DRUG11Q1.TXT;ascii/INDI11Q1.TXT;ascii/OUTC11Q1.TXT;ascii/REAC11Q1.TXT;ascii/RPSR11Q1.TXT;ascii/STAT11Q1.TXT;ascii/THER11Q1.TXT
2011q2,laers,aers_ascii_2011q2.zip,https://fis.fda.gov/content/Exports/aers_ascii_2011q2.zip,23514726,d60f5f7484adab4a1a4d132cff8446d5f6c605fa100d0123ac1b03b1b3450165,12,True,True,,2026-08-02T21:58:03+00:00,README.doc;SIZE11Q2.TXT;ascii/;ascii/Asc_nts.doc;ascii/DEMO11Q2.TXT;ascii/DRUG11Q2.TXT;ascii/INDI11Q2.TXT;ascii/OUTC11Q2.TXT;ascii/REAC11Q2.TXT;ascii/RPSR11Q2.TXT;ascii/STAT11Q2.TXT;ascii/THER11Q2.TXT
2011q3,laers,aers_ascii_2011q3.zip,https://fis.fda.gov/content/Exports/aers_ascii_2011q3.zip,23476195,352e15c360dbfcfd2a719c003876f9d5f72b73e4e69eb3917afa5260035fc6e4,12,True,True,,2026-08-02T21:58:03+00:00,README.doc;SIZE11Q3.TXT;ascii/;ascii/Asc_nts.doc;ascii/DEMO11Q3.TXT;ascii/DRUG11Q3.TXT;ascii/INDI11Q3.TXT;ascii/OUTC11Q3.TXT;ascii/REAC11Q3.TXT;ascii/RPSR11Q3.TXT;ascii/STAT11Q3.TXT;ascii/THER11Q3.TXT
2011q4,laers,aers_ascii_2011q4.zip,https://fis.fda.gov/content/Exports/aers_ascii_2011q4.zip,23642384,5596cf59ae5702f75fefa251300499a36ba1980b1bd78f271dc7796588d8b9c0,12,True,True,,2026-08-02T21:58:03+00:00,README.doc;SIZE11Q4.TXT;ascii/;ascii/Asc_nts.doc;ascii/DEMO11Q4.TXT;ascii/DRUG11Q4.TXT;ascii/INDI11Q4.TXT;ascii/OUTC11Q4.TXT;ascii/REAC11Q4.TXT;ascii/RPSR11Q4.TXT;ascii/STAT11Q4.TXT;ascii/THER11Q4.TXT
2012q1,laers,aers_ascii_2012q1.zip,https://fis.fda.gov/content/Exports/aers_ascii_2012q1.zip,26697922,8f19acee4ebf142e0a739fbede65f154b8d2e9a1a578d47ef327c41a7cf7e473,12,True,True,,2026-08-02T21:58:03+00:00,README.doc;SIZE12Q1.TXT;ascii/;ascii/Asc_nts.doc;ascii/DEMO12Q1.TXT;ascii/DRUG12Q1.TXT;ascii/INDI12Q1.TXT;ascii/OUTC12Q1.TXT;ascii/REAC12Q1.TXT;ascii/RPSR12Q1.TXT;ascii/STAT12Q1.TXT;ascii/THER12Q1.TXT
2012q2,laers,aers_ascii_2012q2.zip,https://fis.fda.gov/content/Exports/aers_ascii_2012q2.zip,25956627,6b53053a48292a64d54c799bf708edf573af524b3d15eaf05d83feb972613891,12,True,True,,2026-08-02T21:58:03+00:00,README.doc;SIZE12Q2.TXT;ascii/;ascii/Asc_nts.doc;ascii/DEMO12Q2.TXT;ascii/DRUG12Q2.TXT;ascii/INDI12Q2.TXT;ascii/OUTC12Q2.TXT;ascii/REAC12Q2.TXT;ascii/RPSR12Q2.TXT;ascii/STAT12Q2.TXT;ascii/THER12Q2.TXT
2012q3,laers,aers_ascii_2012q3.zip,https://fis.fda.gov/content/Exports/aers_ascii_2012q3.zip,16082485,b8d96a85eb7ae2d9f8bf42a5c8719137dacf560636c100c96109d2ec3777768a,12,True,True,,2026-08-02T21:58:03+00:00,README.doc;SIZE12Q3.TXT;ascii/;ascii/Asc_nts.doc;ascii/DEMO12Q3.TXT;ascii/DRUG12Q3.TXT;ascii/INDI12Q3.TXT;ascii/OUTC12Q3.TXT;ascii/REAC12Q3.TXT;ascii/RPSR12Q3.TXT;ascii/STAT12Q3.TXT;ascii/THER12Q3.TXT
2012q4,faers_early,faers_ascii_2012q4.zip,https://fis.fda.gov/content/Exports/faers_ascii_2012q4.zip,28541645,20562c821eebd248445b7618ad63222acbe45ecb90e9fa384c07a82516661368,18,True,True,,2026-08-02T21:58:03+00:00,FAQs.doc;README.doc;ascii/;ascii/ASC_NTS.doc;ascii/demo12q4.pdf;ascii/demo12q4.txt;ascii/drug12q4.pdf;ascii/drug12q4.txt;ascii/indi12q4.pdf;ascii/indi12q4.txt;ascii/outc12q4.pdf;ascii/outc12q4.txt;ascii/reac12q4.pdf;ascii/reac12q4.txt;ascii/rpsr12q4.pdf;ascii/rpsr12q4.txt;ascii/ther12q4.pdf;ascii/ther12q4.txt
2013q1,faers_early,faers_ascii_2013q1.zip,https://fis.fda.gov/content/Exports/faers_ascii_2013q1.zip,25915184,31df3e518d400a8ba0323629dd4c64809370f5d1c2e4d0711b32997066dcfc49,18,True,True,,2026-08-02T21:58:03+00:00,FAQs.doc;Readme.doc;ascii/;ascii/ASC_NT.pdf;ascii/DEMO13Q1.txt;ascii/DRUG13Q1.txt;ascii/INDI13Q1.txt;ascii/OUTC13Q1.txt;ascii/REAC13Q1.txt;ascii/RPSR13Q1.txt;ascii/THER13Q1.txt;ascii/demo13q1.pdf;ascii/drug13q1.pdf;ascii/indi13q1.pdf;ascii/outc13q1.pdf;ascii/reac13q1.pdf;ascii/rpsr13q1.pdf;ascii/ther13q1.pdf
2013q2,faers_early,faers_ascii_2013q2.zip,https://fis.fda.gov/content/Exports/faers_ascii_2013q2.zip,21527601,1f954f7561f8c9408a7547fcbcbc786a7329b2fad78dca86ab67cb85188d7e39,18,True,True,,2026-08-02T21:58:03+00:00,FAQs.doc;Readme.doc;ascii/;ascii/ASC_NTS.doc;ascii/DEMO13Q2.txt;ascii/DRUG13Q2.txt;ascii/INDI13Q2.txt;ascii/OUTC13Q2.txt;ascii/REAC13Q2.txt;ascii/RPSR13Q2.txt;ascii/THER13Q2.txt;ascii/demo13q2.pdf;ascii/drug13q2.pdf;ascii/indi13q2.pdf;ascii/outc13q2.pdf;ascii/reac13q2.pdf;ascii/rpsr13q2.pdf;ascii/ther13q2.pdf
2013q3,faers_early,faers_ascii_2013q3.zip,https://fis.fda.gov/content/Exports/faers_ascii_2013q3.zip,22767509,e440ac13442f573fdeae216dad5d2ffa5e24fb4815625fb5c0915068c72a7fd5,18,True,True,,2026-08-02T21:58:03+00:00,ASCII/;ASCII/ASC_NTS.doc;ASCII/DEMO13Q3.txt;ASCII/DRUG13Q3.txt;ASCII/INDI13Q3.txt;ASCII/OUTC13Q3.txt;ASCII/REAC13Q3.txt;ASCII/RPSR13Q3.txt;ASCII/THER13Q3.txt;ASCII/demo13q3-508.pdf;ASCII/drug13q3-508.pdf;ASCII/indi13q3-508.pdf;ASCII/outc13q3-508.pdf;ASCII/reac13q3-508.pdf;ASCII/rpsr13q3-508.pdf;ASCII/ther13q3-508.pdf;FAQs.doc;Readme.doc
2013q4,faers_early,faers_ascii_2013q4.zip,https://fis.fda.gov/content/Exports/faers_ascii_2013q4.zip,26520158,2e36bab3c85215d3471dbe6562861668b1c2141b23d1d2f5b5bb43d0fe9b9c8e,18,True,True,,2026-08-02T21:58:03+00:00,FAQs.doc;Readme.doc;ascii/;ascii/ASC_NTS.doc;ascii/DEMO13Q4.txt;ascii/DRUG13Q4.txt;ascii/INDI13Q4.txt;ascii/OUTC13Q4.txt;ascii/REAC13Q4.txt;ascii/RPSR13Q4.txt;ascii/THER13Q4.txt;ascii/demo13q4.pdf;ascii/drug13q4.pdf;ascii/indi13q4.pdf;ascii/outc13q4.pdf;ascii/reac13q4.pdf;ascii/rpsr13q4.pdf;ascii/ther13q4.pdf
2014q1,faers_early,faers_ascii_2014q1.zip,https://fis.fda.gov/content/Exports/faers_ascii_2014q1.zip,30461865,86836c2acd70848d0bc4eaa776247cbc4da08625400b949f2ccff38e64943031,18,True,True,,2026-08-02T21:58:03+00:00,FAQs.doc;Readme.doc;ascii/;ascii/ASC_NTS.doc;ascii/DEMO14Q1.txt;ascii/DRUG14Q1.txt;ascii/INDI14Q1.txt;ascii/OUTC14Q1.txt;ascii/REAC14Q1.txt;ascii/RPSR14Q1.txt;ascii/THER14Q1.txt;ascii/demo14q1.pdf;ascii/drug14q1.pdf;ascii/indi14q1.pdf;ascii/outc14q1.pdf;ascii/reac14q1.pdf;ascii/rpsr14q1.pdf;ascii/ther14q1.pdf
2014q2,faers_early,faers_ascii_2014q2.zip,https://fis.fda.gov/content/Exports/faers_ascii_2014q2.zip,25791893,2fad8b257781c5c39c7f414355abdb11bf405efad897cf8cca16c393784e6405,18,True,True,,2026-08-02T21:58:03+00:00,FAQs.doc;Readme.doc;ascii/;ascii/ASC_NTS.doc;ascii/DEMO14Q2.txt;ascii/DRUG14Q2.txt;ascii/INDI14Q2.txt;ascii/OUTC14Q2.txt;ascii/REAC14Q2.txt;ascii/RPSR14Q2.txt;ascii/THER14Q2.txt;ascii/demo14q2.pdf;ascii/drug14q2.pdf;ascii/indi14q2.pdf;ascii/outc14q2.pdf;ascii/reac14q2.pdf;ascii/rpsr14q2.pdf;ascii/ther14q2.pdf
2014q3,faers_modern,faers_ascii_2014q3.zip,https://fis.fda.gov/content/Exports/faers_ascii_2014q3.zip,29279299,8b8b79a7381103f5f653ec5c011444e54401bdab1a92e78e6d2bbeca37ce40a2,18,True,True,,2026-08-02T21:58:03+00:00,FAQs.pdf;Readme.pdf;ascii/;ascii/ASC_NTS.pdf;ascii/DEMO14Q3.txt;ascii/DRUG14Q3.txt;ascii/INDI14Q3.txt;ascii/OUTC14Q3.txt;ascii/REAC14Q3.txt;ascii/RPSR14Q3.txt;ascii/THER14Q3.txt;ascii/demo14q3.pdf;ascii/drug14q3.pdf;ascii/indi14q3.pdf;ascii/outc14q3.pdf;ascii/reac14q3.pdf;ascii/rpsr14q3.pdf;ascii/ther14q.pdf
2014q4,faers_modern,faers_ascii_2014q4.zip,https://fis.fda.gov/content/Exports/faers_ascii_2014q4.zip,29052294,ab5e44fdd430113b1a4eba2262fe4fc0d67d51525328343348eecd7fed7e7f7f,18,True,True,,2026-08-02T21:58:03+00:00,FAQs.pdf;Readme.pdf;ascii/;ascii/ASC_NTS.pdf;ascii/DEMO14Q4.txt;ascii/DRUG14Q4.txt;ascii/INDI14Q4.txt;ascii/OUTC14Q4.txt;ascii/REAC14Q4.txt;ascii/RPSR14Q4.txt;ascii/THER14Q4.txt;ascii/demo14q4.pdf;ascii/drug14q4.pdf;ascii/indi14q4.pdf;ascii/outc14q4.pdf;ascii/reac14q4.pdf;ascii/rpsr14q4.pdf;ascii/ther14q4.pdf
2015q1,faers_modern,faers_ascii_2015q1.zip,https://fis.fda.gov/content/Exports/faers_ascii_2015q1.zip,40474964,ba1fc85963cb55a041dfa3b106550a3c9af4467477b15c65ba6a39509b1d2909,18,True,True,,2026-08-02T21:58:03+00:00,FAQs.pdf;Readme.pdf;ascii/;ascii/ASC_NTS.pdf;ascii/DEMO15Q1.txt;ascii/DRUG15Q1.txt;ascii/INDI15Q1.txt;ascii/OUTC15Q1.txt;ascii/REAC15Q1.txt;ascii/RPSR15Q1.txt;ascii/THER15Q1.txt;ascii/demo15q1.pdf;ascii/drug15q1.pdf;ascii/indi15q1.pdf;ascii/outc15q1.pdf;ascii/reac15q1.pdf;ascii/rpsr15q1.pdf;ascii/ther15q1.pdf
2015q2,faers_modern,faers_ascii_2015q2.zip,https://fis.fda.gov/content/Exports/faers_ascii_2015q2.zip,39592529,218cc382545ecbf8ba738720a5cc9e96253b30040512aecf0395cbb8af340158,18,True,True,,2026-08-02T21:58:03+00:00,FAQs.pdf;Readme.pdf;ascii/;ascii/ASC_NTS.pdf;ascii/DEMO15Q2.txt;ascii/DRUG15Q2.txt;ascii/INDI15Q2.txt;ascii/OUTC15Q2.txt;ascii/REAC15Q2.txt;ascii/RPSR15Q2.txt;ascii/THER15Q2.txt;ascii/demo15q2.pdf;ascii/drug15q2.pdf;ascii/indi15q2.pdf;ascii/outc15q2.pdf;ascii/reac15q2.pdf;ascii/rpsr15q2.pdf;ascii/ther15q2.pdf
2015q3,faers_modern,faers_ascii_2015q3.zip,https://fis.fda.gov/content/Exports/faers_ascii_2015q3.zip,48837929,e87780d538d128908c2f4d8aeacaae548249af16ffd9d19924af8566e13b5f5d,18,True,True,,2026-08-02T21:58:03+00:00,FAQs.pdf;Readme.pdf;ascii/;ascii/ASC_NTS.pdf;ascii/DEMO15Q3.txt;ascii/DRUG15Q3.txt;ascii/INDI15Q3.txt;ascii/OUTC15Q3.txt;ascii/REAC15Q3.txt;ascii/RPSR15Q3.txt;ascii/THER15Q3.txt;ascii/demo15q3.pdf;ascii/drug15q3.pdf;ascii/indi15q3.pdf;ascii/outc15q3.pdf;ascii/reac15q3.pdf;ascii/rpsr15q3.pdf;ascii/ther15q3.pdf
2015q4,faers_modern,faers_ascii_2015q4.zip,https://fis.fda.gov/content/Exports/faers_ascii_2015q4.zip,43099558,b738b69f999a23a46224ac57fbde11971caa21af23be05655b9dac58af003738,18,True,True,,2026-08-02T21:58:03+00:00,FAQs.pdf;Readme.pdf;ascii/;ascii/ASC_NTS.pdf;ascii/DEMO15Q4.txt;ascii/DRUG15Q4.txt;ascii/INDI15Q4.txt;ascii/OUTC15Q4.txt;ascii/REAC15Q4.txt;ascii/RPSR15Q4.txt;ascii/THER15Q4.txt;ascii/demo15q4.pdf;ascii/drug15q4.pdf;ascii/indi15q4.pdf;ascii/outc15q4.pdf;ascii/reac15q4.pdf;ascii/rpsr15q4.pdf;ascii/ther15q4.pdf
2016q1,faers_modern,faers_ascii_2016q1.zip,https://fis.fda.gov/content/Exports/faers_ascii_2016q1.zip,47555838,1df9f39e415fea6aa578946950265e535088ab7ef80523dfe6a6ec9f402ac129,18,True,True,,2026-08-02T21:58:03+00:00,FAQs.pdf;Readme.pdf;ascii/;ascii/ASC_NTS.pdf;ascii/DEMO16Q1.txt;ascii/DRUG16Q1.txt;ascii/INDI16Q1.txt;ascii/OUTC16Q1.txt;ascii/REAC16Q1.txt;ascii/RPSR16Q1.txt;ascii/THER16Q1.txt;ascii/demo16q1.pdf;ascii/drug16q1.pdf;ascii/indi16q1.pdf;ascii/out16q1.pdf;ascii/reac16q1.pdf;ascii/rpsr16q1.pdf;ascii/ther16q1.pdf
2016q2,faers_modern,faers_ascii_2016q2.zip,https://fis.fda.gov/content/Exports/faers_ascii_2016q2.zip,45807096,7ee2937a94dda400eba9e411c8d95aa4731e020ff080774ba2a5aaf413458494,18,True,True,,2026-08-02T21:58:03+00:00,FAQs.pdf;Readme.pdf;ascii/;ascii/ASC_NTS.pdf;ascii/DEMO16Q2.txt;ascii/DRUG16Q2.txt;ascii/INDI16Q2.txt;ascii/OUTC16Q2.txt;ascii/REAC16Q2.txt;ascii/RPSR16Q2.txt;ascii/THER16Q2.txt;ascii/demo16q2.pdf;ascii/drug16q2.pdf;ascii/indi16q2.pdf;ascii/outc16q2.pdf;ascii/reac16q2.pdf;ascii/rpsr16q2.pdf;ascii/ther16q2.pdf
2016q3,faers_modern,faers_ascii_2016q3.zip,https://fis.fda.gov/content/Exports/faers_ascii_2016q3.zip,47245256,cc1548f46763945f228d91aeceb90f24239a20faa51ffec9abddf32a886d7c7d,18,True,True,,2026-08-02T21:58:03+00:00,FAQs.pdf;Readme.pdf;ascii/;ascii/ASC_NTS.pdf;ascii/DEMO16Q3.txt;ascii/DRUG16Q3.txt;ascii/INDI16Q3.txt;ascii/OUTC16Q3.txt;ascii/REAC16Q3.txt;ascii/RPSR16Q3.txt;ascii/THER16Q3.txt;ascii/demo16q3.pdf;ascii/drug16q3.pdf;ascii/indi16q3.pdf;ascii/outc16q3.pdf;ascii/reac16q3.pdf;ascii/rpsr16q3.pdf;ascii/ther16q3.pdf
2016q4,faers_modern,faers_ascii_2016q4.zip,https://fis.fda.gov/content/Exports/faers_ascii_2016q4.zip,45607862,203a04739b272a0fa7b0ba55b1a932d3825e13156f18cc121f2bae7efc062928,18,True,True,,2026-08-02T21:58:03+00:00,FAQs.pdf;Readme.pdf;ascii/;ascii/ASC_NTS.pdf;ascii/DEMO16Q4.txt;ascii/DRUG16Q4.txt;ascii/INDI16Q4.txt;ascii/OUTC16Q4.txt;ascii/REAC16Q4.txt;ascii/RPSR16Q4.txt;ascii/THER16Q4.txt;ascii/demo16q4.pdf;ascii/drug16q4.pdf;ascii/indi16q4.pdf;ascii/outc16q4.pdf;ascii/reac16q4.pdf;ascii/rpsr16q4.pdf;ascii/ther16q4.pdf
2017q1,faers_modern,faers_ascii_2017q1.zip,https://fis.fda.gov/content/Exports/faers_ascii_2017q1.zip,49741685,8b347d55faae822a896c106681f9af40a9b5d858fef78b8023ae20d49f36c044,18,True,True,,2026-08-02T21:58:03+00:00,FAQs.pdf;Readme.pdf;ascii/;ascii/ASC_NTS.pdf;ascii/DEMO17Q1.txt;ascii/DRUG17Q1.txt;ascii/INDI17Q1.txt;ascii/OUTC17Q1.txt;ascii/REAC17Q1.txt;ascii/RPSR17Q1.txt;ascii/THER17Q1.txt;ascii/demo17q1.pdf;ascii/drug17q1.pdf;ascii/indi17q1.pdf;ascii/outc17q1.pdf;ascii/reac17q1.pdf;ascii/rpsr17q1.pdf;ascii/ther17q1.pdf
2017q2,faers_modern,faers_ascii_2017q2.zip,https://fis.fda.gov/content/Exports/faers_ascii_2017q2.zip,47988295,e61cff7a813c413a1b074b21dd82db926dc34eb285478d8a7b12f1171ba4b8f6,18,True,True,,2026-08-02T21:58:03+00:00,FAQs.pdf;Readme.pdf;ascii/;ascii/ASC_NTS.pdf;ascii/DEMO17Q2.txt;ascii/DRUG17Q2.txt;ascii/INDI17Q2.txt;ascii/OUTC17Q2.txt;ascii/REAC17Q2.txt;ascii/RPSR17Q2.txt;ascii/THER17Q2.txt;ascii/demo17q2.pdf;ascii/drug17q2.pdf;ascii/indi17q2.pdf;ascii/outc17q2.pdf;ascii/reac17q2.pdf;ascii/rpsr17q2.pdf;ascii/ther17q2.pdf
2017q3,faers_modern,faers_ascii_2017q3.zip,https://fis.fda.gov/content/Exports/faers_ascii_2017q3.zip,49374579,eb03aa80d900b9168b8807ed72c94992de2e601a514aab2ba7995b912f9a916a,18,True,True,,2026-08-02T21:58:04+00:00,FAQs.pdf;Readme.pdf;ascii/;ascii/ASC_NTS.pdf;ascii/DEMO17Q3.txt;ascii/DRUG17Q3.txt;ascii/INDI17Q3.txt;ascii/OUTC17Q3.txt;ascii/REAC17Q3.txt;ascii/RPSR17Q3.txt;ascii/THER17Q3.txt;ascii/demo17q3.pdf;ascii/drug17q3.pdf;ascii/indi17q3.pdf;ascii/outc17q3.pdf;ascii/reac17q3.pdf;ascii/rpsr17q3.pdf;ascii/ther17q3.pdf
2017q4,faers_modern,faers_ascii_2017q4.zip,https://fis.fda.gov/content/Exports/faers_ascii_2017q4.zip,42758520,586976e775598f1261cea863703b24a6236c7a16645f4764aec67138d6bce885,18,True,True,,2026-08-02T21:58:04+00:00,FAQs.pdf;Readme.pdf;ascii/;ascii/ASC_NTS.pdf;ascii/DEMO17Q4.txt;ascii/DRUG17Q4.txt;ascii/INDI17Q4.txt;ascii/OUTC17Q4.txt;ascii/REAC17Q4.txt;ascii/RPSR17Q4.txt;ascii/THER17Q4.txt;ascii/demo17q4.pdf;ascii/drug17q4.pdf;ascii/indi17q4.pdf;ascii/outc17q4.pdf;ascii/reac17q4.pdf;ascii/rpsr17q4.pdf;ascii/ther17q4.pdf
2018q1,faers_modern,faers_ascii_2018q1.zip,https://fis.fda.gov/content/Exports/faers_ascii_2018q1.zip,53654213,021761361fa3acebe517cf2d941e96a2a03ce6597fd03dda205b0c94a573395c,18,True,True,,2026-08-02T21:58:04+00:00,FAQs.pdf;Readme.pdf;ascii/;ascii/ASC_NTS.pdf;ascii/DEMO18Q1_new.txt;ascii/DRUG18Q1.txt;ascii/INDI18Q1.txt;ascii/OUTC18Q1.txt;ascii/REAC18Q1.txt;ascii/RPSR18Q1.txt;ascii/THER18Q1.txt;ascii/demo18q1.pdf;ascii/drug18q1.pdf;ascii/indi18q1.pdf;ascii/outc18q1.pdf;ascii/reac18q1.pdf;ascii/rpsr18q1.pdf;ascii/ther18q1.pdf
2018q2,faers_modern,faers_ascii_2018q2.zip,https://fis.fda.gov/content/Exports/faers_ascii_2018q2.zip,61975665,cde475975ae7342a841c7a04c10618b94bc65555cee93c0215661ed0d65449b5,18,True,True,,2026-08-02T21:58:04+00:00,FAQs.pdf;Readme.pdf;ascii/;ascii/ASC_NTS.pdf;ascii/DEMO18Q2.txt;ascii/DRUG18Q2.txt;ascii/INDI18Q2.txt;ascii/OUTC18Q2.txt;ascii/REAC18Q2.txt;ascii/RPSR18Q2.txt;ascii/THER18Q2.txt;ascii/demo18q2.pdf;ascii/drug18q2.pdf;ascii/indi18.q2.pdf;ascii/outc18q2.pdf;ascii/reac18q2.pdf;ascii/rpsr18q2.pdf;ascii/ther18q2.pdf
2018q3,faers_modern,faers_ascii_2018q3.zip,https://fis.fda.gov/content/Exports/faers_ascii_2018q3.zip,58388423,b974e77d35a47e3e5f2d999f57c61037243a89c07f3826f242e20dc8f6063ba7,18,True,True,,2026-08-02T21:58:04+00:00,FAQs.pdf;Readme.pdf;ascii/;ascii/ASC_NTS.pdf;ascii/DEMO18Q3.txt;ascii/DRUG18Q3.txt;ascii/INDI18Q3.txt;ascii/OUTC18Q3.txt;ascii/REAC18Q3.txt;ascii/RPSR18Q3.txt;ascii/THER18Q3.txt;ascii/demo18q3.pdf;ascii/drug18q3.pdf;ascii/indi18q3.pdf;ascii/outc18q3.pdf;ascii/reac18q3.pdf;ascii/rpsr18q3.pdf;ascii/ther18q3.pdf
2018q4,faers_modern,faers_ascii_2018q4.zip,https://fis.fda.gov/content/Exports/faers_ascii_2018q4.zip,63004616,8f659d11b94f04618e1f2202e18779399c3e47e272c03e0bcd023bdceea2e322,17,True,True,,2026-08-02T21:58:04+00:00,FAQs.pdf;Readme.pdf;ascii/ASC_NTS.pdf;ascii/DEMO18Q4.txt;ascii/DRUG18Q4.txt;ascii/INDI18Q4.txt;ascii/OUTC18Q4.txt;ascii/REAC18Q4.txt;ascii/RPSR18Q4.txt;ascii/THER18Q4.txt;ascii/demo18q4.pdf;ascii/drug18q4.pdf;ascii/indi18q4.pdf;ascii/outc18q4.pdf;ascii/reac18q4.pdf;ascii/rpsr18q4.pdf;ascii/ther18q4.pdf
2019q1,faers_modern,faers_ascii_2019q1.zip,https://fis.fda.gov/content/Exports/faers_ascii_2019q1.zip,58205417,51229f0e421b49c022ffbaccba696426e0787ca378d8c7b73bd89006f3f5e9e9,21,True,True,,2026-08-02T21:58:04+00:00,FAQs.pdf;Readme.pdf;ascii/;ascii/ASC_NTS.pdf;ascii/DEMO19Q1.pdf;ascii/DEMO19Q1.txt;ascii/DRUG19Q1.pdf;ascii/DRUG19Q1.txt;ascii/INDI19Q1.pdf;ascii/INDI19Q1.txt;ascii/OUTC19Q1.pdf;ascii/OUTC19Q1.txt;ascii/REAC19Q1.pdf;ascii/REAC19Q1.txt;ascii/RPSR19Q1.pdf;ascii/RPSR19Q1.txt;ascii/THER19Q1.pdf;ascii/THER19Q1.txt;deleted/;deleted/ADR19Q1DeletedCases.txt;deleted/AllDeletedCases.txt
2019q2,faers_modern,faers_ascii_2019q2.zip,https://fis.fda.gov/content/Exports/faers_ascii_2019q2.zip,63065908,1910995dfb006f0b97d610716440aa453de6b2d9ff7381fc05f64d442425e5c7,20,True,True,,2026-08-02T21:58:04+00:00,FAQs.pdf;Readme.pdf;ascii/;ascii/ASC_NTS.pdf;ascii/DEMO19Q2.txt;ascii/DRUG19Q2.txt;ascii/INDI19Q2.txt;ascii/OUTC19Q2.txt;ascii/REAC19Q2.txt;ascii/RPSR19Q2.txt;ascii/THER19Q2.txt;ascii/demo19q2.pdf;ascii/drug19q2.pdf;ascii/indi19q2.pdf;ascii/outc19q2.pdf;ascii/reac19q2.pdf;ascii/rpsr19q2.pdf;ascii/ther19q2.pdf;deleted/;deleted/ADR19Q2DeletedCases.txt
2019q3,faers_modern,faers_ascii_2019q3.zip,https://fis.fda.gov/content/Exports/faers_ascii_2019q3.zip,68286386,7f02a06088a73cbf910f1cd065a685f8d262f34e6c534deedc1b8fa0de155b84,20,True,True,,2026-08-02T21:58:04+00:00,FAQs.pdf;Readme.pdf;ascii/;ascii/ASC_NTS.pdf;ascii/DEMO19Q3.txt;ascii/DRUG19Q3.txt;ascii/INDI19Q3.txt;ascii/OUTC19Q3.txt;ascii/REAC19Q3.txt;ascii/RPSR19Q3.txt;ascii/THER19Q3.txt;ascii/demo19q3.pdf;ascii/drug19q3.pdf;ascii/indi19q3.pdf;ascii/outc19q3.pdf;ascii/reac19q3.pdf;ascii/rpsr19q3.pdf;ascii/ther19q3.pdf;deleted/;deleted/ADR19Q3DeletedCases.txt
2019q4,faers_modern,faers_ascii_2019q4.zip,https://fis.fda.gov/content/Exports/faers_ascii_2019q4.zip,62714294,ddbac5a8eb09739c968c77c6370de3ceed388c722197574d0a550f3c680a16fc,20,True,True,,2026-08-02T21:58:04+00:00,FAQs.pdf;Readme.pdf;ascii/;ascii/ASC_NTS.pdf;ascii/DEMO19Q4.txt;ascii/DRUG19Q4.txt;ascii/INDI19Q4.txt;ascii/OUTC19Q4.txt;ascii/REAC19Q4.txt;ascii/RPSR19Q4.txt;ascii/THER19Q4.txt;ascii/demo19q4.pdf;ascii/drug19q4.pdf;ascii/indi19q4.pdf;ascii/outc19q4.pdf;ascii/reac19q4.pdf;ascii/rpsr19q4.pdf;ascii/ther19q4.pdf;deleted/;deleted/ADR19Q4DeletedCases.txt
2020q1,faers_modern,faers_ascii_2020q1.zip,https://fis.fda.gov/content/Exports/faers_ascii_2020q1.zip,68320375,3d5d38ca7aa7b254b472164a47c93f59a7103c0d6201e3b743559b4179db4a5d,20,True,True,,2026-08-02T21:58:04+00:00,ASCII/;ASCII/ASC_NTS.pdf;ASCII/DEMO20Q1.txt;ASCII/DRUG20Q1.txt;ASCII/INDI20Q1.txt;ASCII/OUTC20Q1.txt;ASCII/REAC20Q1.txt;ASCII/RPSR20Q1.txt;ASCII/THER20Q1.PDF;ASCII/THER20Q1.txt;ASCII/demo20q1.pdf;ASCII/drug20q1.pdf;ASCII/indi20q1.pdf;ASCII/outc20q1.pdf;ASCII/reac20q1.pdf;ASCII/rpsr20q1.pdf;DELETED/;DELETED/ADR20Q1DeletedCases.txt;FAQs.pdf;Readme.pdf
2020q2,faers_modern,faers_ascii_2020q2.zip,https://fis.fda.gov/content/Exports/faers_ascii_2020q2.zip,68828475,f9fe8e8b6d285a11018e399f4c3927440a0d8bfb52c7ad1025622388ad05de6a,18,True,True,,2026-08-02T21:58:04+00:00,ASCII/ASC_NTS.pdf;ASCII/DEMO20Q2.txt;ASCII/DRUG20Q2.txt;ASCII/INDI20Q2.txt;ASCII/OUTC20Q2.txt;ASCII/REAC20Q2.txt;ASCII/RPSR20Q2.txt;ASCII/THER20Q2.txt;ASCII/demo20q2.pdf;ASCII/drug20q2.pdf;ASCII/indi20q2.pdf;ASCII/outc20q2.pdf;ASCII/reac20q2.pdf;ASCII/rpsr20q.pdf;ASCII/ther20q2.pdf;DELETED/ADR20Q2DeletedCases.txt;FAQs.pdf;Readme.pdf
2020q3,faers_modern,faers_ascii_2020q3.zip,https://fis.fda.gov/content/Exports/faers_ascii_2020q3.zip,66442726,4ed47f09faaf8ea6f52bb1f5c19ca1fce1959d0a7d16a08360071a4a5a623b40,20,True,True,,2026-08-02T21:58:04+00:00,ASCII/;ASCII/ASC_NTS.pdf;ASCII/DEMO20Q3.txt;ASCII/DRUG20Q3.txt;ASCII/INDI20Q3.txt;ASCII/OUTC20Q3.txt;ASCII/REAC20Q3.txt;ASCII/RPSR20Q3.txt;ASCII/THER20Q3.txt;ASCII/demo20q3.pdf;ASCII/drug20q3.pdf;ASCII/indi20q3.pdf;ASCII/outc20q3.pdf;ASCII/reac20q3.pdf;ASCII/rpsr20q3.pdf;ASCII/ther20q3.pdf;Deleted/;Deleted/ADR20Q3DeletedCases.txt;FAQs.pdf;Readme.pdf
2020q4,faers_modern,faers_ascii_2020q4.zip,https://fis.fda.gov/content/Exports/faers_ascii_2020q4.zip,74056668,22ed5117ddbd4f66577eb07a0d1e28dbfcbe66176400fbfbbda8ff23aa69a27d,18,True,True,,2026-08-02T21:58:04+00:00,ASCII/ASC_NTS.pdf;ASCII/DEMO20Q4.txt;ASCII/DRUG20Q4.txt;ASCII/INDI20Q4.txt;ASCII/OUTC20Q4.txt;ASCII/REAC20Q4.txt;ASCII/RPSR20Q4.txt;ASCII/THER20Q4.txt;ASCII/demo20q4.pdf;ASCII/drug20q4.pdf;ASCII/indi20q4.pdf;ASCII/outc20q4.pdf;ASCII/reac20q4.pdf;ASCII/rpsr20q4.pdf;ASCII/ther20q4.pdf;Deleted/20Q4DeletedCases.txt;FAQs.pdf;Readme.pdf
2021q1,faers_modern,faers_ascii_2021q1.zip,https://fis.fda.gov/content/Exports/faers_ascii_2021q1.zip,70771182,3432dc656ec0a4700a86f4865676417062ab0fc69067d8505355dca2fb43d563,20,True,True,,2026-08-02T21:58:04+00:00,ASCII/;ASCII/ASC_NTS.pdf;ASCII/DEMO21Q1.txt;ASCII/DRUG21Q1.txt;ASCII/INDI21Q1.txt;ASCII/OUTC21Q1.txt;ASCII/REAC21Q1.txt;ASCII/RPSR21Q1.txt;ASCII/THER21Q1.txt;ASCII/demo21q1.pdf;ASCII/drug21q1.pdf;ASCII/indi21q1.pdf;ASCII/outc21q1.pdf;ASCII/reac21q1.pdf;ASCII/rpsr21q1.pdf;ASCII/ther21q1.pdf;Deleted/;Deleted/21Q1DeletedCases.txt;FAQs.pdf;Readme.pdf
2021q2,faers_modern,faers_ascii_2021q2.zip,https://fis.fda.gov/content/Exports/faers_ascii_2021q2.zip,72294497,33d90c7ee20aebece837a981705ec6d84839d0ff14b0b0563ed0bc45e189ca6a,20,True,True,,2026-08-02T21:58:04+00:00,ASCII/;ASCII/ASC_NTS.pdf;ASCII/DEMO21Q2.txt;ASCII/DRUG21Q2.txt;ASCII/INDI21Q2.txt;ASCII/OUTC21Q2.txt;ASCII/REAC21Q2.txt;ASCII/RPSR21Q2.txt;ASCII/THER21Q2.txt;ASCII/demo21q2.pdf;ASCII/drug21q2.pdf;ASCII/indi21q2.pdf;ASCII/out21q2.pdf;ASCII/reac21q2.pdf;ASCII/rpsr21q2.pdf;ASCII/ther21q2.pdf;Deleted/;Deleted/21Q2DeletedCases.txt;FAQs.pdf;Readme.pdf
2021q3,faers_modern,faers_ascii_2021q3.zip,https://fis.fda.gov/content/Exports/faers_ascii_2021q3.zip,73758770,32db043748af1fedcf03bf2635dcf1aa4dbd5cc4f8440f67ea81c5670f713b36,20,True,True,,2026-08-02T21:58:04+00:00,ASCII/;ASCII/ASC_NTS.pdf;ASCII/DEMO21Q3.txt;ASCII/DRUG21Q3.txt;ASCII/INDI21Q3.txt;ASCII/OUTC21Q3.txt;ASCII/REAC21Q3.txt;ASCII/RPSR21Q3.txt;ASCII/THER21Q3.txt;ASCII/demo21q3.pdf;ASCII/drug21q3.pdf;ASCII/indi21q3.pdf;ASCII/outc21q3.pdf;ASCII/reac21q3.pdf;ASCII/rpsr21q3.pdf;ASCII/ther21q3.pdf;Deleted/;Deleted/21Q3DeletedCases.txt;FAQs.pdf;Readme.pdf
2021q4,faers_modern,faers_ascii_2021q4.zip,https://fis.fda.gov/content/Exports/faers_ascii_2021q4.zip,62327755,8d41ec8d36aad4de3450840517bd52b8b21271ac936b52cb851f0654ea13a15b,20,True,True,,2026-08-02T21:58:04+00:00,ASCII/;ASCII/ASC_NTS.pdf;ASCII/DEMO21Q4.pdf;ASCII/DEMO21Q4.txt;ASCII/DRUG21Q4.pdf;ASCII/DRUG21Q4.txt;ASCII/INDI21Q4.pdf;ASCII/INDI21Q4.txt;ASCII/OUTC21Q4.pdf;ASCII/OUTC21Q4.txt;ASCII/REAC21Q4.pdf;ASCII/REAC21Q4.txt;ASCII/RPSR21Q4.pdf;ASCII/RPSR21Q4.txt;ASCII/THER21Q4.pdf;ASCII/THER21Q4.txt;Deleted/;Deleted/DELETE21Q4.txt;FAQs.pdf;Readme.pdf
2022q1,faers_modern,faers_ascii_2022q1.zip,https://fis.fda.gov/content/Exports/faers_ascii_2022q1.zip,67926472,76cb17f81e49b145aefb108c7d6d486a8d39a86159e91de2e09f9ad9954c7291,20,True,True,,2026-08-02T21:58:04+00:00,ASCII/;ASCII/ASC_NTS.pdf;ASCII/DEMO22Q1.pdf;ASCII/DEMO22Q1.txt;ASCII/DRUG22Q1.pdf;ASCII/DRUG22Q1.txt;ASCII/INDI22Q1.pdf;ASCII/INDI22Q1.txt;ASCII/OUTC22Q1.pdf;ASCII/OUTC22Q1.txt;ASCII/REAC22Q1.pdf;ASCII/REAC22Q1.txt;ASCII/RPSR22Q1.pdf;ASCII/RPSR22Q1.txt;ASCII/THER22Q1.pdf;ASCII/THER22Q1.txt;Deleted/;Deleted/DELETE22Q1.txt;FAQs.pdf;Readme.pdf
2022q2,faers_modern,faers_ascii_2022q2.zip,https://fis.fda.gov/content/Exports/faers_ascii_2022q2.zip,65860637,3cc5a4fa96ff1ec58da4669e1e415cbf50812beef582244720cfa87a8df70d4f,20,True,True,,2026-08-02T21:58:04+00:00,ASCII/;ASCII/ASC_NTS.pdf;ASCII/DEMO22Q2.pdf;ASCII/DEMO22Q2.txt;ASCII/DRUG22Q2.pdf;ASCII/DRUG22Q2.txt;ASCII/INDI22Q2.pdf;ASCII/INDI22Q2.txt;ASCII/OUTC22Q2.pdf;ASCII/OUTC22Q2.txt;ASCII/REAC22Q2.pdf;ASCII/REAC22Q2.txt;ASCII/RPSR22Q2.pdf;ASCII/RPSR22Q2.txt;ASCII/THER22Q2.pdf;ASCII/THER22Q2.txt;Deleted/;Deleted/DELETE22Q2.txt;FAQs.pdf;Readme.pdf
2022q3,faers_modern,faers_ascii_2022q3.zip,https://fis.fda.gov/content/Exports/faers_ascii_2022q3.zip,66272962,810689d34c0f1a81599996f8d59619a2efa887ffda68850f9c2ab941c075986c,20,True,True,,2026-08-02T21:58:04+00:00,ASCII/;ASCII/ASC_NTS.pdf;ASCII/DEMO22Q3.pdf;ASCII/DEMO22Q3.txt;ASCII/DRUG22Q3.pdf;ASCII/DRUG22Q3.txt;ASCII/INDI22Q3.pdf;ASCII/INDI22Q3.txt;ASCII/OUTC22Q3.pdf;ASCII/OUTC22Q3.txt;ASCII/REAC22Q3.pdf;ASCII/REAC22Q3.txt;ASCII/RPSR22Q3.pdf;ASCII/RPSR22Q3.txt;ASCII/THER22Q3.pdf;ASCII/THER22Q3.txt;Deleted/;Deleted/DELETE22Q3.txt;FAQs.pdf;Readme.pdf
2022q4,faers_modern,faers_ascii_2022q4.zip,https://fis.fda.gov/content/Exports/faers_ascii_2022q4.zip,72367913,1bbf1b50724ff4048d8113ceced08b53707b19c4d6fd5cf47add01329ea7c534,20,True,True,,2026-08-02T21:58:04+00:00,ASCII/;ASCII/ASC_NTS.pdf;ASCII/DEMO22Q4.pdf;ASCII/DEMO22Q4.txt;ASCII/DRUG22Q4.pdf;ASCII/DRUG22Q4.txt;ASCII/INDI22Q4.pdf;ASCII/INDI22Q4.txt;ASCII/OUTC22Q4.pdf;ASCII/OUTC22Q4.txt;ASCII/REAC22Q4.pdf;ASCII/REAC22Q4.txt;ASCII/RPSR22Q4.pdf;ASCII/RPSR22Q4.txt;ASCII/THER22Q4.pdf;ASCII/THER22Q4.txt;Deleted/;Deleted/DELETE22Q4.txt;FAQs.pdf;Readme.pdf
2023q1,faers_modern,faers_ascii_2023q1.zip,https://fis.fda.gov/content/Exports/faers_ascii_2023q1.zip,67476029,3b5d7ee3fc78990bdde16db9e4a43f448344f2cecb835bfc6b7cbcecf726d8e6,20,True,True,,2026-08-02T21:58:04+00:00,ASCII/;ASCII/ASC_NTS.pdf;ASCII/DEMO23Q1.pdf;ASCII/DEMO23Q1.txt;ASCII/DRUG23Q1.pdf;ASCII/DRUG23Q1.txt;ASCII/INDI23Q1.pdf;ASCII/INDI23Q1.txt;ASCII/OUTC23Q1.pdf;ASCII/OUTC23Q1.txt;ASCII/REAC23Q1.pdf;ASCII/REAC23Q1.txt;ASCII/RPSR23Q1.pdf;ASCII/RPSR23Q1.txt;ASCII/THER23Q1.pdf;ASCII/THER23Q1.txt;Deleted/;Deleted/DELETE23Q1.txt;FAQs.pdf;Readme.pdf
2023q2,faers_modern,faers_ascii_2023q2.zip,https://fis.fda.gov/content/Exports/faers_ascii_2023q2.zip,67650543,e7f2f051317adf1561063d8241a64a015bc1694d64586386160eb60045f822fa,20,True,True,,2026-08-02T21:58:04+00:00,ASCII/;ASCII/ASC_NTS.pdf;ASCII/DEMO23Q2.pdf;ASCII/DEMO23Q2.txt;ASCII/DRUG23Q2.pdf;ASCII/DRUG23Q2.txt;ASCII/INDI23Q2.pdf;ASCII/INDI23Q2.txt;ASCII/OUTC23Q2.pdf;ASCII/OUTC23Q2.txt;ASCII/REAC23Q2.pdf;ASCII/REAC23Q2.txt;ASCII/RPSR23Q2.pdf;ASCII/RPSR23Q2.txt;ASCII/THER23Q2.pdf;ASCII/THER23Q2.txt;Deleted/;Deleted/DELETE23Q2.txt;FAQs.pdf;Readme.pdf
2023q3,faers_modern,faers_ascii_2023q3.zip,https://fis.fda.gov/content/Exports/faers_ascii_2023q3.zip,63036207,86120ac44667eaeed9551a53ea8af20ef33fe1fbdf835a52662e52fb7077dbb6,20,True,True,,2026-08-02T21:58:04+00:00,ASCII/;ASCII/ASC_NTS.pdf;ASCII/DEMO23Q3.pdf;ASCII/DEMO23Q3.txt;ASCII/DRUG23Q3.pdf;ASCII/DRUG23Q3.txt;ASCII/INDI23Q3.pdf;ASCII/INDI23Q3.txt;ASCII/OUTC23Q3.pdf;ASCII/OUTC23Q3.txt;ASCII/REAC23Q3.pdf;ASCII/REAC23Q3.txt;ASCII/RPSR23Q3.pdf;ASCII/RPSR23Q3.txt;ASCII/THER23Q3.pdf;ASCII/THER23Q3.txt;Deleted/;Deleted/DELETE23Q3.txt;FAQs.pdf;Readme.pdf
2023q4,faers_modern,faers_ascii_2023q4.zip,https://fis.fda.gov/content/Exports/faers_ascii_2023q4.zip,72554591,7e6b72848ed670900eaf78d24983c845f077091f71ffa7b9c310d590faebac62,18,True,True,,2026-08-02T21:58:04+00:00,ASCII/ASC_NTS.pdf;ASCII/DEMO23Q4.pdf;ASCII/DEMO23Q4.txt;ASCII/DRUG23Q4.pdf;ASCII/DRUG23Q4.txt;ASCII/INDI23Q4.pdf;ASCII/INDI23Q4.txt;ASCII/OUTC23Q4.pdf;ASCII/OUTC23Q4.txt;ASCII/REAC23Q4.pdf;ASCII/REAC23Q4.txt;ASCII/RPSR23Q4.pdf;ASCII/RPSR23Q4.txt;ASCII/THER23Q4.pdf;ASCII/THER23Q4.txt;Deleted/DELETE23Q4.txt;FAQs.pdf;Readme.pdf
2024q1,faers_modern,faers_ascii_2024q1.zip,https://fis.fda.gov/content/Exports/faers_ascii_2024q1.zip,67446377,12a086c473666c2c323c13ae82e0cf333ac2c8e63538ec5488054fcad5d5ae18,20,True,True,,2026-08-02T21:58:04+00:00,ASCII/;ASCII/ASC_NTS.pdf;ASCII/DEMO24Q1.pdf;ASCII/DEMO24Q1.txt;ASCII/DRUG24Q1.pdf;ASCII/DRUG24Q1.txt;ASCII/INDI24Q1.pdf;ASCII/INDI24Q1.txt;ASCII/OUTC24Q1.pdf;ASCII/OUTC24Q1.txt;ASCII/REAC24Q1.pdf;ASCII/REAC24Q1.txt;ASCII/RPSR24Q1.pdf;ASCII/RPSR24Q1.txt;ASCII/THER24Q1.pdf;ASCII/THER24Q1.txt;Deleted/;Deleted/DELETE24Q1.txt;FAQs.pdf;Readme.pdf
2024q2,faers_modern,faers_ascii_2024q2.zip,https://fis.fda.gov/content/Exports/faers_ascii_2024q2.zip,67008112,5d4d58828916a3823ae12c97d64d2849723d964793e4d1e436d98833f72ff05b,20,True,True,,2026-08-02T21:58:04+00:00,ASCII/;ASCII/ASC_NTS.pdf;ASCII/DEMO24Q2.pdf;ASCII/DEMO24Q2.txt;ASCII/DRUG24Q2.pdf;ASCII/DRUG24Q2.txt;ASCII/INDI24Q2.pdf;ASCII/INDI24Q2.txt;ASCII/OUTC24Q2.pdf;ASCII/OUTC24Q2.txt;ASCII/REAC24Q2.pdf;ASCII/REAC24Q2.txt;ASCII/RPSR24Q2.pdf;ASCII/RPSR24Q2.txt;ASCII/THER24Q2.pdf;ASCII/THER24Q2.txt;Deleted/;Deleted/DELETE24Q2.txt;FAQs.pdf;Readme.pdf
2024q3,faers_modern,faers_ascii_2024q3.zip,https://fis.fda.gov/content/Exports/faers_ascii_2024q3.zip,66785004,c13ce123e26e12d1533ebf494e482e7ae697d18b7169b9627f8b576a75111030,20,True,True,,2026-08-02T21:58:04+00:00,ASCII/;ASCII/ASC_NTS.pdf;ASCII/DEMO24Q3.pdf;ASCII/DEMO24Q3.txt;ASCII/DRUG24Q3.pdf;ASCII/DRUG24Q3.txt;ASCII/INDI24Q3.pdf;ASCII/INDI24Q3.txt;ASCII/OUTC24Q3.pdf;ASCII/OUTC24Q3.txt;ASCII/REAC24Q3.pdf;ASCII/REAC24Q3.txt;ASCII/RPSR24Q3.pdf;ASCII/RPSR24Q3.txt;ASCII/THER24Q3.pdf;ASCII/THER24Q3.txt;Deleted/;Deleted/DELETE24Q3.txt;FAQs.pdf;Readme.pdf
2024q4,faers_modern,faers_ascii_2024q4.zip,https://fis.fda.gov/content/Exports/faers_ascii_2024q4.zip,68830688,3866a1ccc5b08fcbc35c333239efd651ca08fa861244ac90f73d46ca5b17ab59,20,True,True,,2026-08-02T21:58:04+00:00,ASCII/;ASCII/ASC_NTS.pdf;ASCII/DEMO24Q4.pdf;ASCII/DEMO24Q4.txt;ASCII/DRUG24Q4.pdf;ASCII/DRUG24Q4.txt;ASCII/INDI24Q4.pdf;ASCII/INDI24Q4.txt;ASCII/OUTC24Q4.pdf;ASCII/OUTC24Q4.txt;ASCII/REAC24Q4.pdf;ASCII/REAC24Q4.txt;ASCII/RPSR24Q4.pdf;ASCII/RPSR24Q4.txt;ASCII/THER24Q4.pdf;ASCII/THER24Q4.txt;Deleted/;Deleted/DELETE24Q4.txt;FAQs.pdf;Readme.pdf
2025q1,faers_modern,faers_ascii_2025q1.zip,https://fis.fda.gov/content/Exports/faers_ascii_2025q1.zip,67465250,51c1dc440733fbbb0b6913b5382ce5b9a3510642a0c6bfd6239d26aa18346b69,20,True,True,,2026-08-02T21:58:04+00:00,ASCII/;ASCII/ASC_NTS.pdf;ASCII/DEMO25Q1.pdf;ASCII/DEMO25Q1.txt;ASCII/DRUG25Q1.pdf;ASCII/DRUG25Q1.txt;ASCII/INDI25Q1.pdf;ASCII/INDI25Q1.txt;ASCII/OUTC25Q1.pdf;ASCII/OUTC25Q1.txt;ASCII/REAC25Q1.pdf;ASCII/REAC25Q1.txt;ASCII/RPSR25Q1.pdf;ASCII/RPSR25Q1.txt;ASCII/THER25Q1.pdf;ASCII/THER25Q1.txt;Deleted/;Deleted/DELETE25Q1.txt;FAQs.pdf;Readme.pdf
2025q2,faers_modern,faers_ascii_2025q2.zip,https://fis.fda.gov/content/Exports/faers_ascii_2025q2.zip,64494817,e731a72f1c85b79c5d86706d9f8708cc2f4cef75c0a9caac7c28074da02a9074,20,True,True,,2026-08-02T21:58:04+00:00,ASCII/;ASCII/ASC_NTS.pdf;ASCII/DEMO25Q2.pdf;ASCII/DEMO25Q2.txt;ASCII/DRUG25Q2.pdf;ASCII/DRUG25Q2.txt;ASCII/INDI25Q2.pdf;ASCII/INDI25Q2.txt;ASCII/OUTC25Q2.pdf;ASCII/OUTC25Q2.txt;ASCII/REAC25Q2.pdf;ASCII/REAC25Q2.txt;ASCII/RPSR25Q2.pdf;ASCII/RPSR25Q2.txt;ASCII/THER25Q2.pdf;ASCII/THER25Q2.txt;Deleted/;Deleted/DELETE25Q2.txt;FAQs.pdf;Readme.pdf
2025q3,faers_modern,faers_ascii_2025q3.zip,https://fis.fda.gov/content/Exports/faers_ascii_2025q3.zip,76715577,a02b89ba6bc56e7c8c197f44389f1d3a816fe1bc2c1374b70a50dacf3d7012c3,20,True,True,,2026-08-02T21:58:04+00:00,ASCII/;ASCII/ASC_NTS.pdf;ASCII/DEMO25Q3.pdf;ASCII/DEMO25Q3.txt;ASCII/DRUG25Q3.pdf;ASCII/DRUG25Q3.txt;ASCII/INDI25Q3.pdf;ASCII/INDI25Q3.txt;ASCII/OUTC25Q3.pdf;ASCII/OUTC25Q3.txt;ASCII/REAC25Q3.pdf;ASCII/REAC25Q3.txt;ASCII/RPSR25Q3.pdf;ASCII/RPSR25Q3.txt;ASCII/THER25Q3.pdf;ASCII/THER25Q3.txt;Deleted/;Deleted/DELETE25Q3.txt;FAQs.pdf;Readme.pdf
2025q4,faers_modern,faers_ascii_2025q4.zip,https://fis.fda.gov/content/Exports/faers_ascii_2025q4.zip,67144585,1a31e6fdedd7442ffb0cd9d0dc8d2d27ee738e5ee2da34e629d82e47f8d418b6,20,True,True,,2026-08-02T21:58:04+00:00,ASCII/;ASCII/ASC_NTS.pdf;ASCII/DEMO25Q4.pdf;ASCII/DEMO25Q4.txt;ASCII/DRUG25Q4.pdf;ASCII/DRUG25Q4.txt;ASCII/INDI25Q4.pdf;ASCII/INDI25Q4.txt;ASCII/OUTC25Q4.pdf;ASCII/OUTC25Q4.txt;ASCII/REAC25Q4.pdf;ASCII/REAC25Q4.txt;ASCII/RPSR25Q4.pdf;ASCII/RPSR25Q4.txt;ASCII/THER25Q4.pdf;ASCII/THER25Q4.txt;Deleted/;Deleted/DELETE25Q4.txt;FAQs.pdf;Readme.pdf
2026q1,faers_modern,faers_ascii_2026q1.zip,https://fis.fda.gov/content/Exports/faers_ascii_2026q1.zip,64078040,ed36733361701ed5cf9bf240be4a360a765126e9ca06b3e5fd3fae7fe2ae5813,21,True,True,,2026-08-02T21:58:04+00:00,ASCII/;ASCII/ASC_NTS.pdf;ASCII/DEMO26Q1.pdf;ASCII/DEMO26Q1.txt;ASCII/DRUG26Q1.pdf;ASCII/DRUG26Q1.txt;ASCII/INDI26Q1.pdf;ASCII/INDI26Q1.txt;ASCII/OUTC26Q1.pdf;ASCII/OUTC26Q1.txt;ASCII/REAC26Q1.pdf;ASCII/REAC26Q1.txt;ASCII/RPSR26Q1.pdf;ASCII/RPSR26Q1.txt;ASCII/THER26Q1.pdf;ASCII/THER26Q1.txt;ASCII/Thumbs.db;Deleted/;Deleted/DELETE26Q1.txt;FAQs.pdf;Readme.pdf
2026q2,faers_modern,faers_ascii_2026q2.zip,https://fis.fda.gov/content/Exports/faers_ascii_2026q2.zip,63223614,90213500721ecaf976ee45d8ad04aa2dbb80861d93c87fef67ccaf515919bf2a,20,True,True,,2026-08-02T21:58:04+00:00,ASCII/;ASCII/ASC_NTS.pdf;ASCII/DEMO26Q2.pdf;ASCII/DEMO26Q2.txt;ASCII/DRUG26Q2.pdf;ASCII/DRUG26Q2.txt;ASCII/INDI26Q2.pdf;ASCII/INDI26Q2.txt;ASCII/OUTC26Q2.pdf;ASCII/OUTC26Q2.txt;ASCII/REAC26Q2.pdf;ASCII/REAC26Q2.txt;ASCII/RPSR26Q2.pdf;ASCII/RPSR26Q2.txt;ASCII/THER26Q2.pdf;ASCII/THER26Q2.txt;Deleted/;Deleted/DELETE26Q2.txt;FAQs.pdf;Readme.pdf
