drug_a,drug_b
ALENDRONATE,CALCIUM
ALOGLIPTIN,METFORMIN
AMPHOTERICIN B,POTASSIUM
ARIPIPRAZOLE,ASENAPINE
ASENAPINE,OLANZAPINE
ASENAPINE,RISPERIDONE
ATAZANAVIR,ATORVASTATIN
ATAZANAVIR,LOVASTATIN
ATAZANAVIR,RITONAVIR
ATAZANAVIR,ROSUVASTATIN
ATAZANAVIR,SIMVASTATIN
ATORVASTATIN,CALCIUM
ATORVASTATIN,CLARITHROMYCIN
ATORVASTATIN,COLCHICINE
ATORVASTATIN,CYCLOSPORINE
ATORVASTATIN,DARUNAVIR
ATORVASTATIN,DIGOXIN
ATORVASTATIN,ERYTHROMYCIN
ATORVASTATIN,ETHINYL ESTRADIOL
ATORVASTATIN,FOSAMPRENAVIR
ATORVASTATIN,GEMFIBROZIL
ATORVASTATIN,GLECAPREVIR
ATORVASTATIN,ITRACONAZOLE
ATORVASTATIN,KETOCONAZOLE
ATORVASTATIN,LEDIPASVIR
ATORVASTATIN,LOPINAVIR
ATORVASTATIN,NIACIN
ATORVASTATIN,PIBRENTASVIR
ATORVASTATIN,POSACONAZOLE
ATORVASTATIN,RIFAMPIN
ATORVASTATIN,RITONAVIR
ATORVASTATIN,SIMEPREVIR
ATORVASTATIN,SOFOSBUVIR
ATORVASTATIN,VORICONAZOLE
ATRACURIUM,ISOFLURANE
ATRACURIUM,LITHIUM
ATRACURIUM,MAGNESIUM
ATRACURIUM,SUCCINYLCHOLINE
AMOXICILLIN,AZITHROMYCIN
BEMPEDOIC ACID,CYCLOSPORINE
BEMPEDOIC ACID,EZETIMIBE
BEMPEDOIC ACID,PRAVASTATIN
BEMPEDOIC ACID,SIMVASTATIN
BINIMETINIB,ENCORAFENIB
ARIPIPRAZOLE,BREXPIPRAZOLE
BREXPIPRAZOLE,OLANZAPINE
BREXPIPRAZOLE,RISPERIDONE
BUPIVACAINE,EPINEPHRINE
ALCOHOL,BUPRENORPHINE
BUPRENORPHINE,CYCLOBENZAPRINE
BUPRENORPHINE,LINEZOLID
BUPRENORPHINE,METHYLENE BLUE
BUPRENORPHINE,MIRTAZAPINE
BUPRENORPHINE,NALOXONE
BUPRENORPHINE,NOREPINEPHRINE
BUPRENORPHINE,TRAMADOL
BUPRENORPHINE,TRAZODONE
CABOTEGRAVIR,RILPIVIRINE
ARIPIPRAZOLE,CARIPRAZINE
CARIPRAZINE,OLANZAPINE
CARIPRAZINE,RISPERIDONE
CHLORTHALIDONE,NOREPINEPHRINE
CALCIUM,CINACALCET
AMLODIPINE,CLARITHROMYCIN
CALCIUM,CLARITHROMYCIN
CLARITHROMYCIN,COLCHICINE
CLARITHROMYCIN,DILTIAZEM
CLARITHROMYCIN,LOVASTATIN
CLARITHROMYCIN,LURASIDONE
CLARITHROMYCIN,NIFEDIPINE
CLARITHROMYCIN,PRAVASTATIN
CLARITHROMYCIN,SIMVASTATIN
CLARITHROMYCIN,VERAPAMIL
ALCOHOL,CLOZAPINE
CHLORPROMAZINE,CLOZAPINE
CLOZAPINE,OLANZAPINE
ATORVASTATIN,COBICISTAT
COBICISTAT,FENTANYL
COBICISTAT,FLUVASTATIN
COBICISTAT,IRINOTECAN
COBICISTAT,LOVASTATIN
COBICISTAT,OXYCODONE
COBICISTAT,PITAVASTATIN
COBICISTAT,PRAVASTATIN
COBICISTAT,ROSUVASTATIN
COBICISTAT,SALMETEROL
COBICISTAT,SIMVASTATIN
COBIMETINIB,PHENYTOIN
COBIMETINIB,RIFAMPIN
COBIMETINIB,VEMURAFENIB
ALCOHOL,CODEINE
BENZODIAZEPINE,CODEINE
BUPRENORPHINE,CODEINE
CODEINE,CYCLOBENZAPRINE
CODEINE,GABAPENTIN
CODEINE,HYDROCODONE
CODEINE,LINEZOLID
CODEINE,METHYLENE BLUE
CODEINE,MIRTAZAPINE
CODEINE,NOREPINEPHRINE
CODEINE,OXYCODONE
CODEINE,OXYMORPHONE
CODEINE,PREGABALIN
CODEINE,TRAMADOL
CODEINE,TRAZODONE
COLCHICINE,CYCLOSPORINE
COLCHICINE,DIGOXIN
COLCHICINE,FENOFIBRATE
COLCHICINE,FENOFIBRIC ACID
COLCHICINE,FLUVASTATIN
COLCHICINE,FOSAMPRENAVIR
COLCHICINE,GEMFIBROZIL
COLCHICINE,LOVASTATIN
COLCHICINE,PRAVASTATIN
COLCHICINE,SIMVASTATIN
CYCLOPHOSPHAMIDE,CYCLOSPORINE
CYCLOPHOSPHAMIDE,SUCCINYLCHOLINE
CYCLOPHOSPHAMIDE,TAMOXIFEN
CYCLOPHOSPHAMIDE,WARFARIN
DABRAFENIB,TRAMETINIB
DAPTOMYCIN,SIMVASTATIN
DARUNAVIR,EVEROLIMUS
DARUNAVIR,FENTANYL
DARUNAVIR,IRINOTECAN
DARUNAVIR,LOVASTATIN
DARUNAVIR,OXYCODONE
DARUNAVIR,PRAVASTATIN
DARUNAVIR,RALTEGRAVIR
DARUNAVIR,RITONAVIR
DARUNAVIR,ROSUVASTATIN
DARUNAVIR,SALMETEROL
DARUNAVIR,SIMVASTATIN
ATORVASTATIN,DARUNAVIR ETHANOLATE
COBICISTAT,DARUNAVIR ETHANOLATE
DARUNAVIR ETHANOLATE,FENTANYL
DARUNAVIR ETHANOLATE,FLUVASTATIN
DARUNAVIR ETHANOLATE,IRINOTECAN
DARUNAVIR ETHANOLATE,LOVASTATIN
DARUNAVIR ETHANOLATE,OXYCODONE
DARUNAVIR ETHANOLATE,PITAVASTATIN
DARUNAVIR ETHANOLATE,PRAVASTATIN
DARUNAVIR ETHANOLATE,ROSUVASTATIN
DARUNAVIR ETHANOLATE,SALMETEROL
DARUNAVIR ETHANOLATE,SIMVASTATIN
ALCOHOL,DEFLAZACORT
CARBAMAZEPINE,DEFLAZACORT
DEFLAZACORT,EFAVIRENZ
DEFLAZACORT,PANCURONIUM
DEFLAZACORT,PHENYTOIN
DEFLAZACORT,RIFAMPIN
CALCIUM,DENOSUMAB
ATRACURIUM,DESFLURANE
DANTROLENE,DESFLURANE
DESFLURANE,EPINEPHRINE
DESFLURANE,FENTANYL
DESFLURANE,ISOFLURANE
DESFLURANE,MIDAZOLAM
DESFLURANE,OXYGEN
DESFLURANE,PANCURONIUM
DESFLURANE,POTASSIUM
DESFLURANE,SUCCINYLCHOLINE
DESFLURANE,VECURONIUM
CALCIUM,DIGOXIN
DIGOXIN,DOPAMINE
DIGOXIN,EPINEPHRINE
DIGOXIN,IVABRADINE
DIGOXIN,NOREPINEPHRINE
DIGOXIN,OXYGEN
DIGOXIN,POTASSIUM
DIGOXIN,SPIRONOLACTONE
DIGOXIN,SUCCINYLCHOLINE
DIGOXIN,TERIPARATIDE
ALCOHOL,DIHYDROCODEINE
DILTIAZEM,IVABRADINE
DILTIAZEM,RIFAMPIN
DILTIAZEM,SIMVASTATIN
DIVALPROEX,VALPROATE
ABACAVIR,DOLUTEGRAVIR
DONEPEZIL,SUCCINYLCHOLINE
CYCLOPHOSPHAMIDE,DOXORUBICIN
DOXORUBICIN,TRASTUZUMAB
AMOXAPINE,DRONABINOL
ATROPINE,DRONABINOL
BUSPIRONE,DRONABINOL
DRONABINOL,LITHIUM
ATORVASTATIN,ELVITEGRAVIR
BUPRENORPHINE,ELVITEGRAVIR
COBICISTAT,ELVITEGRAVIR
CYCLOSPORINE,ELVITEGRAVIR
ELVITEGRAVIR,EMTRICITABINE
ELVITEGRAVIR,FENTANYL
ELVITEGRAVIR,LOVASTATIN
ELVITEGRAVIR,NALOXONE
ELVITEGRAVIR,SIMVASTATIN
ELVITEGRAVIR,SIROLIMUS
ELVITEGRAVIR,TACROLIMUS
EMPAGLIFLOZIN,METFORMIN
EPINEPHRINE,IMIPRAMINE
ALCOHOL,EZETIMIBE
AMIODARONE,EZETIMIBE
AMLODIPINE,EZETIMIBE
CALCIUM,EZETIMIBE
CHOLESTYRAMINE,EZETIMIBE
CLARITHROMYCIN,EZETIMIBE
COBICISTAT,EZETIMIBE
COLCHICINE,EZETIMIBE
CYCLOSPORINE,EZETIMIBE
DANAZOL,EZETIMIBE
DAPTOMYCIN,EZETIMIBE
DIGOXIN,EZETIMIBE
DILTIAZEM,EZETIMIBE
DRONEDARONE,EZETIMIBE
ERYTHROMYCIN,EZETIMIBE
EZETIMIBE,FENOFIBRATE
EZETIMIBE,FENOFIBRIC ACID
EZETIMIBE,GEMFIBROZIL
EZETIMIBE,ITRACONAZOLE
EZETIMIBE,KETOCONAZOLE
EZETIMIBE,NEFAZODONE
EZETIMIBE,NIACIN
EZETIMIBE,POSACONAZOLE
EZETIMIBE,RANOLAZINE
EZETIMIBE,SIMVASTATIN
EZETIMIBE,TELAPREVIR
EZETIMIBE,TELITHROMYCIN
EZETIMIBE,VERAPAMIL
EZETIMIBE,VORICONAZOLE
EZETIMIBE,WARFARIN
FENOFIBRATE,FENOFIBRIC ACID
FENOFIBRATE,GEMFIBROZIL
CYCLOSPORINE,FENOFIBRIC ACID
FENOFIBRIC ACID,GEMFIBROZIL
FENOFIBRIC ACID,TACROLIMUS
ALCOHOL,FENTANYL
BENZODIAZEPINE,FENTANYL
BUPRENORPHINE,FENTANYL
CYCLOBENZAPRINE,FENTANYL
EPINEPHRINE,FENTANYL
FENTANYL,LINEZOLID
FENTANYL,METHYLENE BLUE
FENTANYL,MIRTAZAPINE
FENTANYL,NOREPINEPHRINE
FENTANYL,TRAMADOL
FENTANYL,TRAZODONE
ATORVASTATIN,FLUCONAZOLE
CYCLOSPORINE,FLUCONAZOLE
FENTANYL,FLUCONAZOLE
FLUCONAZOLE,FLUVASTATIN
FLUCONAZOLE,HYDROCHLOROTHIAZIDE
FLUCONAZOLE,IBRUTINIB
FLUCONAZOLE,SIMVASTATIN
ALCOHOL,FLURAZEPAM
CYCLOSPORINE,FLUVASTATIN
ERYTHROMYCIN,FLUVASTATIN
FLUVASTATIN,GEMFIBROZIL
FLUVASTATIN,GLYBURIDE
FLUVASTATIN,NIACIN
FLUVASTATIN,PHENYTOIN
FLUVASTATIN,WARFARIN
ETHINYL ESTRADIOL,FOSAMPRENAVIR
FENTANYL,FOSAMPRENAVIR
FLUTICASONE,FOSAMPRENAVIR
FOSAMPRENAVIR,LOVASTATIN
FOSAMPRENAVIR,METHADONE
FOSAMPRENAVIR,RITONAVIR
FOSAMPRENAVIR,SIMVASTATIN
FOSPHENYTOIN,PHENYTOIN
CISPLATIN,FUROSEMIDE
FUROSEMIDE,LITHIUM
FUROSEMIDE,SUCCINYLCHOLINE
BUPRENORPHINE,GLECAPREVIR
CYCLOSPORINE,GLECAPREVIR
DARUNAVIR,GLECAPREVIR
EFAVIRENZ,GLECAPREVIR
FLUVASTATIN,GLECAPREVIR
GLECAPREVIR,LOPINAVIR
GLECAPREVIR,LOVASTATIN
GLECAPREVIR,METHADONE
GLECAPREVIR,NALOXONE
GLECAPREVIR,PIBRENTASVIR
GLECAPREVIR,PITAVASTATIN
GLECAPREVIR,PRAVASTATIN
GLECAPREVIR,RITONAVIR
GLECAPREVIR,ROSUVASTATIN
GLECAPREVIR,SIMVASTATIN
CHOLESTYRAMINE,HYDROCHLOROTHIAZIDE
HYDROCHLOROTHIAZIDE,LISINOPRIL
HYDROCHLOROTHIAZIDE,LITHIUM
HYDROCHLOROTHIAZIDE,NOREPINEPHRINE
HYDROCHLOROTHIAZIDE,POTASSIUM
ACETAMINOPHEN,HYDROCODONE
ALCOHOL,HYDROCODONE
CYCLOBENZAPRINE,HYDROCODONE
HYDROCODONE,LINEZOLID
HYDROCODONE,METHYLENE BLUE
HYDROCODONE,MIRTAZAPINE
HYDROCODONE,NALOXONE
HYDROCODONE,NOREPINEPHRINE
HYDROCODONE,TRAMADOL
HYDROCODONE,TRAZODONE
ALCOHOL,HYDROMORPHONE
BENZODIAZEPINE,HYDROMORPHONE
BUPRENORPHINE,HYDROMORPHONE
CYCLOBENZAPRINE,HYDROMORPHONE
HYDROMORPHONE,LINEZOLID
HYDROMORPHONE,METHYLENE BLUE
HYDROMORPHONE,MIRTAZAPINE
HYDROMORPHONE,NALOXONE
HYDROMORPHONE,NOREPINEPHRINE
HYDROMORPHONE,TRAMADOL
HYDROMORPHONE,TRAZODONE
AMPICILLIN,HYDROXYCHLOROQUINE
CHLOROQUINE,HYDROXYCHLOROQUINE
CALCIUM,IBANDRONATE
ACETAMINOPHEN,INFLIXIMAB
EPINEPHRINE,INFLIXIMAB
ACETAMINOPHEN,INFLIXIMAB DYYB
EPINEPHRINE,INFLIXIMAB DYYB
INFLIXIMAB,INFLIXIMAB DYYB
IPILIMUMAB,NIVOLUMAB
DANTROLENE,ISOFLURANE
FENTANYL,ISOFLURANE
ISOFLURANE,OXYGEN
ISOFLURANE,PANCURONIUM
ISOFLURANE,POTASSIUM
ISOFLURANE,ROCURONIUM
ISOFLURANE,SEVOFLURANE
ISOFLURANE,SUCCINYLCHOLINE
ISOFLURANE,VECURONIUM
LAMIVUDINE,ZIDOVUDINE
ABACAVIR,LEDIPASVIR
ATAZANAVIR,LEDIPASVIR
COBICISTAT,LEDIPASVIR
CYCLOSPORINE,LEDIPASVIR
DARUNAVIR,LEDIPASVIR
DOLUTEGRAVIR,LEDIPASVIR
EFAVIRENZ,LEDIPASVIR
ELVITEGRAVIR,LEDIPASVIR
EMTRICITABINE,LEDIPASVIR
LAMIVUDINE,LEDIPASVIR
LEDIPASVIR,METHADONE
LEDIPASVIR,RITONAVIR
LEDIPASVIR,ROSUVASTATIN
LEDIPASVIR,SIMEPREVIR
LEDIPASVIR,SOFOSBUVIR
LEDIPASVIR,TENOFOVIR
LEDIPASVIR,TENOFOVIR ALAFENAMIDE
EVEROLIMUS,LENVATINIB
LINAGLIPTIN,METFORMIN
BUSPIRONE,LINEZOLID
DOBUTAMINE,LINEZOLID
LINEZOLID,MEPERIDINE
LINEZOLID,NOREPINEPHRINE
AMPHETAMINE,LISDEXAMFETAMINE DIMESYLATE
LINEZOLID,LISDEXAMFETAMINE DIMESYLATE
LISDEXAMFETAMINE DIMESYLATE,METHYLENE BLUE
CHOLESTYRAMINE,LISINOPRIL
LISINOPRIL,LITHIUM
LISINOPRIL,NOREPINEPHRINE
LISINOPRIL,POTASSIUM
ATAZANAVIR,LOPINAVIR
CALCIUM,LOPINAVIR
CYCLOSPORINE,LOPINAVIR
DASABUVIR,LOPINAVIR
DIGOXIN,LOPINAVIR
LOPINAVIR,LOVASTATIN
LOPINAVIR,OMBITASVIR
LOPINAVIR,PARITAPREVIR
LOPINAVIR,RITONAVIR
LOPINAVIR,ROSUVASTATIN
LOPINAVIR,SIMVASTATIN
LOPINAVIR,TACROLIMUS
AMIODARONE,LOVASTATIN
CYCLOSPORINE,LOVASTATIN
DANAZOL,LOVASTATIN
DIGOXIN,LOVASTATIN
DILTIAZEM,LOVASTATIN
DRONEDARONE,LOVASTATIN
ERYTHROMYCIN,LOVASTATIN
GEMFIBROZIL,LOVASTATIN
GLIPIZIDE,LOVASTATIN
ITRACONAZOLE,LOVASTATIN
KETOCONAZOLE,LOVASTATIN
LOVASTATIN,NEFAZODONE
LOVASTATIN,NIACIN
LOVASTATIN,POSACONAZOLE
LOVASTATIN,PROPRANOLOL
LOVASTATIN,RANOLAZINE
LOVASTATIN,TELAPREVIR
LOVASTATIN,TELITHROMYCIN
LOVASTATIN,VERAPAMIL
LOVASTATIN,VORICONAZOLE
LOVASTATIN,WARFARIN
DEXTROSE,MAGNESIUM SULFATE
MAGNESIUM,MAGNESIUM SULFATE
MAGNESIUM SULFATE,SUCCINYLCHOLINE
ALCOHOL,MEPERIDINE
BENZODIAZEPINE,MEPERIDINE
BUPRENORPHINE,MEPERIDINE
CYCLOBENZAPRINE,MEPERIDINE
GABAPENTIN,MEPERIDINE
MEPERIDINE,METHYLENE BLUE
MEPERIDINE,MIRTAZAPINE
MEPERIDINE,NOREPINEPHRINE
MEPERIDINE,PREGABALIN
MEPERIDINE,TRAMADOL
MEPERIDINE,TRAZODONE
ALCOHOL,METHADONE
BUPRENORPHINE,METHADONE
CALCIUM,METHADONE
CYCLOBENZAPRINE,METHADONE
GABAPENTIN,METHADONE
LINEZOLID,METHADONE
METHADONE,METHYLENE BLUE
METHADONE,MIRTAZAPINE
METHADONE,NOREPINEPHRINE
METHADONE,PREGABALIN
METHADONE,TRAMADOL
METHADONE,TRAZODONE
AMPHETAMINE,METHAMPHETAMINE
LINEZOLID,METHAMPHETAMINE
METHAMPHETAMINE,METHYLENE BLUE
BUPIVACAINE,METHYLPREDNISOLONE
EPINEPHRINE,METHYLPREDNISOLONE
ATROPINE,MIDAZOLAM
DIAZEPAM,MIDAZOLAM
FENTANYL,MIDAZOLAM
GLYCOPYRROLATE,MIDAZOLAM
HYDROXYZINE,MIDAZOLAM
LIDOCAINE,MIDAZOLAM
MIDAZOLAM,SUCCINYLCHOLINE
ASPIRIN,MILNACIPRAN
MILNACIPRAN,NOREPINEPHRINE
DICLOFENAC,MISOPROSTOL
ALCOHOL,MORPHINE
BENZODIAZEPINE,MORPHINE
BUPRENORPHINE,MORPHINE
CYCLOBENZAPRINE,MORPHINE
LINEZOLID,MORPHINE
METHYLENE BLUE,MORPHINE
MIRTAZAPINE,MORPHINE
MORPHINE,NALOXONE
MORPHINE,NOREPINEPHRINE
MORPHINE,TRAMADOL
MORPHINE,TRAZODONE
MYCOPHENOLATE,MYCOPHENOLATE MOFETIL
MYCOPHENOLATE,MYCOPHENOLIC ACID
ALCOHOL,NALOXONE
CYCLOBENZAPRINE,NALOXONE
LINEZOLID,NALOXONE
METHYLENE BLUE,NALOXONE
MIRTAZAPINE,NALOXONE
NALOXONE,NOREPINEPHRINE
NALOXONE,TRAMADOL
NALOXONE,TRAZODONE
ATORVASTATIN,NEFAZODONE
NEFAZODONE,PRAVASTATIN
NEFAZODONE,SIMVASTATIN
ATORVASTATIN,NIRMATRELVIR
ETHINYL ESTRADIOL,NIRMATRELVIR
LOVASTATIN,NIRMATRELVIR
NIRMATRELVIR,RITONAVIR
NIRMATRELVIR,SIMVASTATIN
NIRMATRELVIR,VELPATASVIR
LIDOCAINE,ONABOTULINUMTOXINA
ALCOHOL,OPIUM
BENZODIAZEPINE,OPIUM
BUPRENORPHINE,OPIUM
LINEZOLID,OPIUM
NOREPINEPHRINE,OPIUM
OSIMERTINIB,PEMETREXED
FLUOROURACIL,OXALIPLATIN
LEUCOVORIN,OXALIPLATIN
ALCOHOL,OXYCODONE
BENZODIAZEPINE,OXYCODONE
BUPRENORPHINE,OXYCODONE
CYCLOBENZAPRINE,OXYCODONE
GABAPENTIN,OXYCODONE
LINEZOLID,OXYCODONE
METHYLENE BLUE,OXYCODONE
MIRTAZAPINE,OXYCODONE
NOREPINEPHRINE,OXYCODONE
OXYCODONE,PREGABALIN
OXYCODONE,TRAMADOL
OXYCODONE,TRAZODONE
ALCOHOL,OXYMORPHONE
BENZODIAZEPINE,OXYMORPHONE
BUPRENORPHINE,OXYMORPHONE
CYCLOBENZAPRINE,OXYMORPHONE
LINEZOLID,OXYMORPHONE
METHYLENE BLUE,OXYMORPHONE
MIRTAZAPINE,OXYMORPHONE
NOREPINEPHRINE,OXYMORPHONE
OXYMORPHONE,TRAMADOL
OXYMORPHONE,TRAZODONE
AMIODARONE,PALIPERIDONE
CHLORPROMAZINE,PALIPERIDONE
GATIFLOXACIN,PALIPERIDONE
MOXIFLOXACIN,PALIPERIDONE
PALIPERIDONE,SOTALOL
AZATHIOPRINE,PEGINTERFERON ALFA 2A
PEGINTERFERON ALFA 2A,RIBAVIRIN
PERTUZUMAB,TRASTUZUMAB
BUPRENORPHINE,PIBRENTASVIR
CYCLOSPORINE,PIBRENTASVIR
DARUNAVIR,PIBRENTASVIR
EFAVIRENZ,PIBRENTASVIR
FLUVASTATIN,PIBRENTASVIR
LOPINAVIR,PIBRENTASVIR
LOVASTATIN,PIBRENTASVIR
METHADONE,PIBRENTASVIR
NALOXONE,PIBRENTASVIR
PIBRENTASVIR,PITAVASTATIN
PIBRENTASVIR,PRAVASTATIN
PIBRENTASVIR,RITONAVIR
PIBRENTASVIR,ROSUVASTATIN
PIBRENTASVIR,SIMVASTATIN
PIPERACILLIN,TAZOBACTAM
COLCHICINE,PITAVASTATIN
CYCLOSPORINE,PITAVASTATIN
ERYTHROMYCIN,PITAVASTATIN
GEMFIBROZIL,PITAVASTATIN
NIACIN,PITAVASTATIN
PITAVASTATIN,RIFAMPIN
POSACONAZOLE,SIMVASTATIN
POSACONAZOLE,VENETOCLAX
PRAMIPEXOLE,PRAMIPEXOLE DIHYDROCHLORIDE
PRAMIPEXOLE,ROPINIROLE
PRAMIPEXOLE DIHYDROCHLORIDE,ROPINIROLE
AZITHROMYCIN,PRAVASTATIN
CYCLOSPORINE,PRAVASTATIN
ERYTHROMYCIN,PRAVASTATIN
GEMFIBROZIL,PRAVASTATIN
NIACIN,PRAVASTATIN
PRAVASTATIN,TESTOSTERONE
OXYGEN,PROPOFOL
PROPOFOL,SUCCINYLCHOLINE
PROPOFOL,VALPROATE
FLUOXETINE,RASAGILINE
FLUVOXAMINE,RASAGILINE
ALCOHOL,REMIFENTANIL
ATROPINE,REMIFENTANIL
BENZODIAZEPINE,REMIFENTANIL
BUPRENORPHINE,REMIFENTANIL
CYCLOBENZAPRINE,REMIFENTANIL
EPHEDRINE,REMIFENTANIL
EPINEPHRINE,REMIFENTANIL
GLYCOPYRROLATE,REMIFENTANIL
LINEZOLID,REMIFENTANIL
METHYLENE BLUE,REMIFENTANIL
MIRTAZAPINE,REMIFENTANIL
NALOXONE,REMIFENTANIL
NOREPINEPHRINE,REMIFENTANIL
REMIFENTANIL,SUCCINYLCHOLINE
REMIFENTANIL,TRAMADOL
REMIFENTANIL,TRAZODONE
CALCIUM,RITONAVIR
CYCLOSPORINE,RITONAVIR
DASABUVIR,RITONAVIR
DIGOXIN,RITONAVIR
LOVASTATIN,RITONAVIR
OMBITASVIR,RITONAVIR
PARITAPREVIR,RITONAVIR
RITONAVIR,ROSUVASTATIN
RITONAVIR,SIMVASTATIN
RITONAVIR,TACROLIMUS
RIVASTIGMINE,SUCCINYLCHOLINE
CARBAMAZEPINE,ROCURONIUM
LITHIUM,ROCURONIUM
MAGNESIUM,ROCURONIUM
OXYGEN,ROCURONIUM
PHENYTOIN,ROCURONIUM
PROPOFOL,ROCURONIUM
ROCURONIUM,SUCCINYLCHOLINE
ROCURONIUM,VANCOMYCIN
COLCHICINE,ROSUVASTATIN
CYCLOSPORINE,ROSUVASTATIN
DAROLUTAMIDE,ROSUVASTATIN
DASABUVIR,ROSUVASTATIN
ENASIDENIB,ROSUVASTATIN
FEBUXOSTAT,ROSUVASTATIN
FENOFIBRATE,ROSUVASTATIN
FENOFIBRIC ACID,ROSUVASTATIN
GEMFIBROZIL,ROSUVASTATIN
MAGNESIUM,ROSUVASTATIN
NIACIN,ROSUVASTATIN
OMBITASVIR,ROSUVASTATIN
PARITAPREVIR,ROSUVASTATIN
REGORAFENIB,ROSUVASTATIN
ROSUVASTATIN,SIMEPREVIR
ROSUVASTATIN,SOFOSBUVIR
ROSUVASTATIN,TAFAMIDIS
ROSUVASTATIN,TERIFLUNOMIDE
ROSUVASTATIN,TICAGRELOR
ROSUVASTATIN,VELPATASVIR
ROSUVASTATIN,WARFARIN
DOPAMINE,ROTIGOTINE
LEVODOPA,ROTIGOTINE
ATRACURIUM,SEVOFLURANE
CALCIUM,SEVOFLURANE
EPINEPHRINE,SEVOFLURANE
PANCURONIUM,SEVOFLURANE
SEVOFLURANE,SUCCINYLCHOLINE
SEVOFLURANE,VECURONIUM
AMIODARONE,SIMVASTATIN
AMLODIPINE,SIMVASTATIN
CALCIUM,SIMVASTATIN
CYCLOSPORINE,SIMVASTATIN
DANAZOL,SIMVASTATIN
DIGOXIN,SIMVASTATIN
DRONEDARONE,SIMVASTATIN
ERYTHROMYCIN,SIMVASTATIN
GEMFIBROZIL,SIMVASTATIN
ITRACONAZOLE,SIMVASTATIN
KETOCONAZOLE,SIMVASTATIN
NIACIN,SIMVASTATIN
RANOLAZINE,SIMVASTATIN
SIMVASTATIN,TELAPREVIR
SIMVASTATIN,VERAPAMIL
SIMVASTATIN,VORICONAZOLE
AZATHIOPRINE,SIROLIMUS
CYCLOSPORINE,SIROLIMUS
METFORMIN,SITAGLIPTIN
ALCOHOL,SODIUM OXYBATE
CYCLOSPORINE,SOFOSBUVIR
FLUVASTATIN,SOFOSBUVIR
LOVASTATIN,SOFOSBUVIR
PITAVASTATIN,SOFOSBUVIR
PRAVASTATIN,SOFOSBUVIR
SIMVASTATIN,SOFOSBUVIR
SOFOSBUVIR,TENOFOVIR
SOFOSBUVIR,VELPATASVIR
MAGNESIUM,SONIDEGIB
ATROPINE,SUCCINYLCHOLINE
CALCIUM,SUCCINYLCHOLINE
DANTROLENE,SUCCINYLCHOLINE
METOCLOPRAMIDE,SUCCINYLCHOLINE
OXYGEN,SUCCINYLCHOLINE
POTASSIUM,SUCCINYLCHOLINE
ALCOHOL,SUFENTANIL
BUPRENORPHINE,SUFENTANIL
CALCIUM,SUFENTANIL
CYCLOBENZAPRINE,SUFENTANIL
EPINEPHRINE,SUFENTANIL
FENTANYL,SUFENTANIL
GABAPENTIN,SUFENTANIL
LINEZOLID,SUFENTANIL
METHYLENE BLUE,SUFENTANIL
MIRTAZAPINE,SUFENTANIL
NOREPINEPHRINE,SUFENTANIL
OXYGEN,SUFENTANIL
PANCURONIUM,SUFENTANIL
PREGABALIN,SUFENTANIL
SUCCINYLCHOLINE,SUFENTANIL
SUFENTANIL,TRAMADOL
SUFENTANIL,TRAZODONE
ALCOHOL,TAPENTADOL
BENZODIAZEPINE,TAPENTADOL
BUPRENORPHINE,TAPENTADOL
CYCLOBENZAPRINE,TAPENTADOL
LINEZOLID,TAPENTADOL
METHYLENE BLUE,TAPENTADOL
MIRTAZAPINE,TAPENTADOL
NALOXONE,TAPENTADOL
NOREPINEPHRINE,TAPENTADOL
TAPENTADOL,TRAMADOL
TAPENTADOL,TRAZODONE
CALCIUM,TENOFOVIR DISOPROXIL
TENOFOVIR,TENOFOVIR DISOPROXIL
DIGOXIN,TICAGRELOR
LOVASTATIN,TICAGRELOR
MORPHINE,TICAGRELOR
SIMVASTATIN,TICAGRELOR
ALBUTEROL,TIOTROPIUM
ALCOHOL,TRAMADOL
BENZODIAZEPINE,TRAMADOL
CYCLOBENZAPRINE,TRAMADOL
GABAPENTIN,TRAMADOL
LINEZOLID,TRAMADOL
METHYLENE BLUE,TRAMADOL
MIRTAZAPINE,TRAMADOL
NOREPINEPHRINE,TRAMADOL
PREGABALIN,TRAMADOL
TRAMADOL,TRAZODONE
DURVALUMAB,TREMELIMUMAB
VALPROATE,VALPROIC ACID
MAGNESIUM,VECURONIUM
PANCURONIUM,VECURONIUM
SUCCINYLCHOLINE,VECURONIUM
THIOPENTAL,VECURONIUM
ATORVASTATIN,VELPATASVIR
CYCLOSPORINE,VELPATASVIR
FLUVASTATIN,VELPATASVIR
LOVASTATIN,VELPATASVIR
PITAVASTATIN,VELPATASVIR
PRAVASTATIN,VELPATASVIR
SIMVASTATIN,VELPATASVIR
TENOFOVIR,VELPATASVIR
ASPIRIN,VERAPAMIL
ATORVASTATIN,VERAPAMIL
ERYTHROMYCIN,VERAPAMIL
RIFAMPIN,VERAPAMIL
RITONAVIR,VERAPAMIL
ALPRAZOLAM,VORICONAZOLE
CALCIUM,VORICONAZOLE
MAGNESIUM,VORICONAZOLE
POTASSIUM,VORICONAZOLE
TRIAZOLAM,VORICONAZOLE
CALCIUM,ZOLEDRONIC ACID
