drug_a,drug_b,event_cases,overdose_fraction,overdose_vs_background,eras_with_signal,eras_signalled,top_indications,om025_2004-2012,om025_2013-2018,om025_2019-2026,support
PALIPERIDONE,SODIUM CHLORIDE,30,0.0,0.0,1,2019-2026,PRODUCT USED FOR UNKNOWN INDICATION(24);HYPONATRAEMIA(1),,-10.018,4.601,unsupported
PAROXETINE,ROCURONIUM,41,0.0,0.0,1,2019-2026,DEPRESSION(41);HYPOTENSION(41);INDUCTION OF ANAESTHESIA(40),-2.294,-10.213,3.9,unsupported
CLOZAPINE,SODIUM CHLORIDE,30,0.0,0.0,1,2019-2026,PRODUCT USED FOR UNKNOWN INDICATION(24);HYPONATRAEMIA(1),-10.123,-10.141,4.25,unsupported
QUETIAPINE,ROCURONIUM,41,0.0,0.0,1,2019-2026,HYPOTENSION(41);DEPRESSION(41);ANAESTHESIA(40),-2.524,,3.721,unsupported
OMEPRAZOLE,RANOLAZINE,23,0.087,0.66,2,2013-2018;2019-2026,ANGINA PECTORIS(19);PRODUCT USED FOR UNKNOWN INDICATION(19);HYPERCHOLESTEROLAEMIA(14),-1.248,2.481,3.161,plausible
DEXTROAMPHETAMINE,PAROXETINE,30,0.1333,1.01,2,2013-2018;2019-2026,PRODUCT USED FOR UNKNOWN INDICATION(22);INSOMNIA(17);PARKINSONISM(8),-10.253,3.666,1.857,unsupported
NOREPINEPHRINE,PAROXETINE,42,0.0238,0.18,1,2019-2026,DEPRESSION(41);HYPOTENSION(41);PRODUCT USED FOR UNKNOWN INDICATION(40),-2.54,-10.489,3.56,unsupported
CODEINE,RALTEGRAVIR,14,0.0,0.0,1,2019-2026,PAIN IN EXTREMITY(14);HIV INFECTION(14);PRODUCT USED FOR UNKNOWN INDICATION(13),,-10.018,3.643,plausible
DIAZEPAM,ROCURONIUM,42,0.0,0.0,1,2019-2026,ANAESTHESIA(40);PREOPERATIVE CARE(40);DEPRESSION(40),-2.737,-10.347,3.609,unsupported
CODEINE,RITONAVIR,14,0.0,0.0,1,2019-2026,PAIN IN EXTREMITY(14);HIV INFECTION(14);PRODUCT USED FOR UNKNOWN INDICATION(13),-10.087,-10.063,3.727,plausible
CYCLOSPORINE,DILTIAZEM,32,0.0938,0.71,3,2004-2012;2013-2018;2019-2026,PRODUCT USED FOR UNKNOWN INDICATION(10);HYPERLIPIDAEMIA(9);CARDIAC FAILURE(8),2.676,0.321,2.565,known_pair
CODEINE,LOSARTAN,36,0.1667,1.27,2,2004-2012;2019-2026,PRODUCT USED FOR UNKNOWN INDICATION(30);EPILEPSY(18);PAIN IN EXTREMITY(14),0.267,-2.734,3.865,unsupported
RANOLAZINE,SERTRALINE,21,0.0952,0.72,2,2013-2018;2019-2026,ANGINA PECTORIS(20);HYPERCHOLESTEROLAEMIA(15);PRODUCT USED FOR UNKNOWN INDICATION(15),-3.49,2.596,3.06,plausible
RALTEGRAVIR,TRAMADOL,18,0.0,0.0,1,2019-2026,HIV INFECTION(18);PRODUCT USED FOR UNKNOWN INDICATION(15);PAIN IN EXTREMITY(14),-10.089,-10.38,3.901,plausible
CLONAZEPAM,ROCURONIUM,43,0.0,0.0,1,2019-2026,DEPRESSION(41);HYPOTENSION(41);INDUCTION OF ANAESTHESIA(40),-2.5,-0.734,3.535,unsupported
SIROLIMUS,WARFARIN,17,0.0,0.0,2,2013-2018;2019-2026,PRODUCT USED FOR UNKNOWN INDICATION(16);IMMUNISATION(14);INFLUENZA IMMUNISATION(1),-10.067,2.676,2.263,plausible
FLUVOXAMINE,ROCURONIUM,41,0.0,0.0,1,2019-2026,DEPRESSION(41);HYPOTENSION(40);ANAESTHESIA(39),-2.361,,3.19,unsupported
CLONAZEPAM,SEVOFLURANE,41,0.0,0.0,1,2019-2026,DEPRESSION(41);HYPOTENSION(41);PREOPERATIVE CARE(40),-2.502,,3.422,unsupported
DICLOFENAC,SODIUM CHLORIDE,17,1.0,7.6,1,2019-2026,PAIN(17);SCIATICA(17);HYPERCHOLESTEROLAEMIA(17),-10.497,-10.264,3.923,unsupported
NALOXONE,ZOPICLONE,37,0.6486,4.93,1,2019-2026,BACK PAIN(25);ANTIPSYCHOTIC THERAPY(18);PRODUCT USED FOR UNKNOWN INDICATION(13),-10.415,-10.892,3.845,unsupported
AMIODARONE,SIMVASTATIN,145,0.0069,0.05,2,2004-2012;2019-2026,ATRIAL FIBRILLATION(49);PRODUCT USED FOR UNKNOWN INDICATION(41);HYPERLIPIDAEMIA(29),0.867,-0.515,0.676,positive_control
CLARITHROMYCIN,SIMVASTATIN,236,0.0042,0.03,3,2004-2012;2013-2018;2019-2026,PRODUCT USED FOR UNKNOWN INDICATION(73);HYPERCHOLESTEROLAEMIA(51);DYSLIPIDAEMIA(39),1.149,1.729,2.302,positive_control
ITRACONAZOLE,SIMVASTATIN,81,0.0123,0.09,3,2004-2012;2013-2018;2019-2026,PRODUCT USED FOR UNKNOWN INDICATION(31);HYPERCHOLESTEROLAEMIA(30);ONYCHOMYCOSIS(14),0.424,2.025,1.583,positive_control
GEMFIBROZIL,SIMVASTATIN,287,0.0244,0.19,3,2004-2012;2013-2018;2019-2026,HYPERLIPIDAEMIA(117);PRODUCT USED FOR UNKNOWN INDICATION(39);HYPERCHOLESTEROLAEMIA(27),0.432,0.912,0.13,positive_control
CYCLOSPORINE,SIMVASTATIN,324,0.037,0.28,3,2004-2012;2013-2018;2019-2026,PRODUCT USED FOR UNKNOWN INDICATION(94);HYPERCHOLESTEROLAEMIA(67);HYPERLIPIDAEMIA(53),2.161,2.659,2.655,positive_control
DILTIAZEM,SIMVASTATIN,144,0.1389,1.06,3,2004-2012;2013-2018;2019-2026,PRODUCT USED FOR UNKNOWN INDICATION(37);HYPERTENSION(30);HYPERCHOLESTEROLAEMIA(25),0.997,0.682,0.95,positive_control
SIMVASTATIN,VERAPAMIL,58,0.0172,0.13,1,2004-2012,PRODUCT USED FOR UNKNOWN INDICATION(13);HYPERTENSION(10);HYPERCHOLESTEROLAEMIA(8),0.881,-0.027,-1.012,positive_control
CLARITHROMYCIN,LOVASTATIN,4,0.0,0.0,0,,PRODUCT USED FOR UNKNOWN INDICATION(2);HELICOBACTER INFECTION(1);DYSLIPIDAEMIA(1),-0.853,-1.297,-10.474,positive_control
ITRACONAZOLE,LOVASTATIN,1,0.0,0.0,0,,BODY TINEA(1);TYPE IIA HYPERLIPIDAEMIA(1),-2.505,,,not_screened
ATORVASTATIN,CLARITHROMYCIN,72,0.0139,0.11,3,2004-2012;2013-2018;2019-2026,PRODUCT USED FOR UNKNOWN INDICATION(27);HYPERCHOLESTEROLAEMIA(14);RESPIRATORY TRACT INFECTION(11),1.907,0.146,0.468,positive_control
ATORVASTATIN,GEMFIBROZIL,57,0.0175,0.13,0,,HYPERLIPIDAEMIA(14);DYSLIPIDAEMIA(10);PRODUCT USED FOR UNKNOWN INDICATION(10),-1.313,-0.188,-2.715,positive_control
GEMFIBROZIL,ROSUVASTATIN,39,0.0,0.0,0,,HYPERLIPIDAEMIA(19);HYPERCHOLESTEROLAEMIA(9);HYPERTRIGLYCERIDAEMIA(6),-0.271,-1.088,-0.833,positive_control
CYCLOSPORINE,ROSUVASTATIN,48,0.0833,0.63,3,2004-2012;2013-2018;2019-2026,PRODUCT USED FOR UNKNOWN INDICATION(22);IMMUNOSUPPRESSANT DRUG THERAPY(15);HYPERLIPIDAEMIA(13),0.812,2.06,0.625,positive_control
CLARITHROMYCIN,COLCHICINE,42,0.1667,1.27,1,2013-2018,PRODUCT USED FOR UNKNOWN INDICATION(12);HELICOBACTER INFECTION(11);FAMILIAL MEDITERRANEAN FEVER(11),-1.705,1.15,-0.344,positive_control
COLCHICINE,CYCLOSPORINE,93,0.3333,2.53,3,2004-2012;2013-2018;2019-2026,GOUT(50);PRODUCT USED FOR UNKNOWN INDICATION(37);RENAL TRANSPLANT(27),1.817,0.276,1.25,positive_control
ATORVASTATIN,COLCHICINE,154,0.1364,1.04,3,2004-2012;2013-2018;2019-2026,PRODUCT USED FOR UNKNOWN INDICATION(81);GOUT(37);PERICARDITIS(27),0.675,1.785,0.869,positive_control
